\BOOKMARK [0][-]{chapter.1}{\376\377\0001\000\040\000P\000I\000I\000\137\000P\000r\000o\000y\000e\000c\000t\000o\000\040\000-\000\040\000P\000r\000o\000g\000r\000a\000m\000a\000c\000i\000\363\000n\000\040\0002\000\040}{}% 1
\BOOKMARK [1][-]{section.1.1}{\376\377\0001\000.\0001\000\040\000A\000c\000e\000r\000c\000a\000\040\000d\000e\000l\000\040\000e\000q\000u\000i\000p\000o}{chapter.1}% 2
\BOOKMARK [1][-]{section.1.2}{\376\377\0001\000.\0002\000\040\000D\000e\000s\000c\000r\000i\000p\000c\000i\000\363\000n\000\040\000d\000e\000l\000\040\000p\000r\000o\000y\000e\000c\000t\000o}{chapter.1}% 3
\BOOKMARK [1][-]{section.1.3}{\376\377\0001\000.\0003\000\040\000D\000o\000c\000u\000m\000e\000n\000t\000a\000c\000i\000o\000n}{chapter.1}% 4
\BOOKMARK [1][-]{section.1.4}{\376\377\0001\000.\0004\000\040\000N\000o\000t\000a\000s\000\040\000d\000e\000\040\000r\000e\000f\000l\000e\000x\000i\000\363\000n\000\040\000d\000e\000l\000\040\000e\000q\000u\000i\000p\000o}{chapter.1}% 5
\BOOKMARK [1][-]{section.1.5}{\376\377\0001\000.\0005\000\040\000R\000e\000f\000l\000e\000x\000i\000\363\000n\000\040\000F\000i\000n\000a\000l\000\040\000d\000e\000l\000\040\000P\000r\000o\000y\000e\000c\000t\000o}{chapter.1}% 6
\BOOKMARK [1][-]{section.1.6}{\376\377\0001\000.\0006\000\040\000A\000g\000r\000a\000d\000e\000c\000i\000m\000i\000e\000n\000t\000o\000s}{chapter.1}% 7
\BOOKMARK [1][-]{section.1.7}{\376\377\0001\000.\0007\000\040\000T\000e\000c\000n\000o\000l\000o\000g\000\355\000a\000s\000\040\000u\000t\000i\000l\000i\000z\000a\000d\000a\000s}{chapter.1}% 8
\BOOKMARK [1][-]{section.1.8}{\376\377\0001\000.\0008\000\040\000C\000\363\000m\000o\000\040\000e\000j\000e\000c\000u\000t\000a\000r\000\040\000e\000l\000\040\000p\000r\000o\000y\000e\000c\000t\000o}{chapter.1}% 9
\BOOKMARK [0][-]{chapter.2}{\376\377\0002\000\040\000D\000i\000r\000e\000c\000t\000o\000r\000y\000\040\000H\000i\000e\000r\000a\000r\000c\000h\000y}{}% 10
\BOOKMARK [1][-]{section.2.1}{\376\377\0002\000.\0001\000\040\000D\000i\000r\000e\000c\000t\000o\000r\000i\000e\000s}{chapter.2}% 11
\BOOKMARK [0][-]{chapter.3}{\376\377\0003\000\040\000N\000a\000m\000e\000s\000p\000a\000c\000e\000\040\000I\000n\000d\000e\000x}{}% 12
\BOOKMARK [1][-]{section.3.1}{\376\377\0003\000.\0001\000\040\000P\000a\000c\000k\000a\000g\000e\000\040\000L\000i\000s\000t}{chapter.3}% 13
\BOOKMARK [0][-]{chapter.4}{\376\377\0004\000\040\000H\000i\000e\000r\000a\000r\000c\000h\000i\000c\000a\000l\000\040\000I\000n\000d\000e\000x}{}% 14
\BOOKMARK [1][-]{section.4.1}{\376\377\0004\000.\0001\000\040\000C\000l\000a\000s\000s\000\040\000H\000i\000e\000r\000a\000r\000c\000h\000y}{chapter.4}% 15
\BOOKMARK [0][-]{chapter.5}{\376\377\0005\000\040\000C\000l\000a\000s\000s\000\040\000I\000n\000d\000e\000x}{}% 16
\BOOKMARK [1][-]{section.5.1}{\376\377\0005\000.\0001\000\040\000C\000l\000a\000s\000s\000\040\000L\000i\000s\000t}{chapter.5}% 17
\BOOKMARK [0][-]{chapter.6}{\376\377\0006\000\040\000F\000i\000l\000e\000\040\000I\000n\000d\000e\000x}{}% 18
\BOOKMARK [1][-]{section.6.1}{\376\377\0006\000.\0001\000\040\000F\000i\000l\000e\000\040\000L\000i\000s\000t}{chapter.6}% 19
\BOOKMARK [0][-]{chapter.7}{\376\377\0007\000\040\000D\000i\000r\000e\000c\000t\000o\000r\000y\000\040\000D\000o\000c\000u\000m\000e\000n\000t\000a\000t\000i\000o\000n}{}% 20
\BOOKMARK [1][-]{section.7.1}{\376\377\0007\000.\0001\000\040\000s\000r\000c\000/\000L\000i\000b\000r\000a\000r\000y\000/\000B\000o\000t\000C\000o\000r\000e\000\040\000D\000i\000r\000e\000c\000t\000o\000r\000y\000\040\000R\000e\000f\000e\000r\000e\000n\000c\000e}{chapter.7}% 21
\BOOKMARK [1][-]{section.7.2}{\376\377\0007\000.\0002\000\040\000s\000r\000c\000/\000L\000i\000b\000r\000a\000r\000y\000/\000C\000l\000a\000s\000e\000s\000\040\000p\000r\000i\000n\000c\000i\000p\000a\000l\000e\000s\000\040\000D\000i\000r\000e\000c\000t\000o\000r\000y\000\040\000R\000e\000f\000e\000r\000e\000n\000c\000e}{chapter.7}% 22
\BOOKMARK [1][-]{section.7.3}{\376\377\0007\000.\0003\000\040\000s\000r\000c\000/\000L\000i\000b\000r\000a\000r\000y\000/\000C\000l\000a\000s\000e\000s\000\040\000t\000i\000p\000o\000s\000\040\000D\000i\000r\000e\000c\000t\000o\000r\000y\000\040\000R\000e\000f\000e\000r\000e\000n\000c\000e}{chapter.7}% 23
\BOOKMARK [1][-]{section.7.4}{\376\377\0007\000.\0004\000\040\000s\000r\000c\000/\000L\000i\000b\000r\000a\000r\000y\000/\000B\000o\000t\000C\000o\000r\000e\000/\000C\000o\000m\000a\000n\000d\000o\000s\000\040\000D\000i\000r\000e\000c\000t\000o\000r\000y\000\040\000R\000e\000f\000e\000r\000e\000n\000c\000e}{chapter.7}% 24
\BOOKMARK [1][-]{section.7.5}{\376\377\0007\000.\0005\000\040\000s\000r\000c\000/\000L\000i\000b\000r\000a\000r\000y\000/\000o\000b\000j\000/\000D\000e\000b\000u\000g\000\040\000D\000i\000r\000e\000c\000t\000o\000r\000y\000\040\000R\000e\000f\000e\000r\000e\000n\000c\000e}{chapter.7}% 25
\BOOKMARK [1][-]{section.7.6}{\376\377\0007\000.\0006\000\040\000s\000r\000c\000/\000P\000r\000o\000g\000r\000a\000m\000/\000o\000b\000j\000/\000D\000e\000b\000u\000g\000\040\000D\000i\000r\000e\000c\000t\000o\000r\000y\000\040\000R\000e\000f\000e\000r\000e\000n\000c\000e}{chapter.7}% 26
\BOOKMARK [1][-]{section.7.7}{\376\377\0007\000.\0007\000\040\000t\000e\000s\000t\000/\000L\000i\000b\000r\000a\000r\000y\000.\000T\000e\000s\000t\000s\000/\000o\000b\000j\000/\000D\000e\000b\000u\000g\000\040\000D\000i\000r\000e\000c\000t\000o\000r\000y\000\040\000R\000e\000f\000e\000r\000e\000n\000c\000e}{chapter.7}% 27
\BOOKMARK [1][-]{section.7.8}{\376\377\0007\000.\0008\000\040\000s\000r\000c\000/\000L\000i\000b\000r\000a\000r\000y\000/\000F\000a\000c\000h\000a\000d\000a\000s\000\040\000D\000i\000r\000e\000c\000t\000o\000r\000y\000\040\000R\000e\000f\000e\000r\000e\000n\000c\000e}{chapter.7}% 28
\BOOKMARK [1][-]{section.7.9}{\376\377\0007\000.\0009\000\040\000s\000r\000c\000/\000L\000i\000b\000r\000a\000r\000y\000/\000B\000o\000t\000C\000o\000r\000e\000/\000I\000n\000t\000e\000r\000f\000a\000c\000e\000s\000\040\000D\000i\000r\000e\000c\000t\000o\000r\000y\000\040\000R\000e\000f\000e\000r\000e\000n\000c\000e}{chapter.7}% 29
\BOOKMARK [1][-]{section.7.10}{\376\377\0007\000.\0001\0000\000\040\000s\000r\000c\000/\000L\000i\000b\000r\000a\000r\000y\000\040\000D\000i\000r\000e\000c\000t\000o\000r\000y\000\040\000R\000e\000f\000e\000r\000e\000n\000c\000e}{chapter.7}% 30
\BOOKMARK [1][-]{section.7.11}{\376\377\0007\000.\0001\0001\000\040\000t\000e\000s\000t\000/\000L\000i\000b\000r\000a\000r\000y\000.\000T\000e\000s\000t\000s\000\040\000D\000i\000r\000e\000c\000t\000o\000r\000y\000\040\000R\000e\000f\000e\000r\000e\000n\000c\000e}{chapter.7}% 31
\BOOKMARK [1][-]{section.7.12}{\376\377\0007\000.\0001\0002\000\040\000s\000r\000c\000/\000L\000i\000b\000r\000a\000r\000y\000/\000o\000b\000j\000/\000D\000e\000b\000u\000g\000/\000n\000e\000t\0009\000.\0000\000\040\000D\000i\000r\000e\000c\000t\000o\000r\000y\000\040\000R\000e\000f\000e\000r\000e\000n\000c\000e}{chapter.7}% 32
\BOOKMARK [1][-]{section.7.13}{\376\377\0007\000.\0001\0003\000\040\000s\000r\000c\000/\000P\000r\000o\000g\000r\000a\000m\000/\000o\000b\000j\000/\000D\000e\000b\000u\000g\000/\000n\000e\000t\0009\000.\0000\000\040\000D\000i\000r\000e\000c\000t\000o\000r\000y\000\040\000R\000e\000f\000e\000r\000e\000n\000c\000e}{chapter.7}% 33
\BOOKMARK [1][-]{section.7.14}{\376\377\0007\000.\0001\0004\000\040\000t\000e\000s\000t\000/\000L\000i\000b\000r\000a\000r\000y\000.\000T\000e\000s\000t\000s\000/\000o\000b\000j\000/\000D\000e\000b\000u\000g\000/\000n\000e\000t\0009\000.\0000\000\040\000D\000i\000r\000e\000c\000t\000o\000r\000y\000\040\000R\000e\000f\000e\000r\000e\000n\000c\000e}{chapter.7}% 34
\BOOKMARK [1][-]{section.7.15}{\376\377\0007\000.\0001\0005\000\040\000s\000r\000c\000/\000L\000i\000b\000r\000a\000r\000y\000/\000o\000b\000j\000\040\000D\000i\000r\000e\000c\000t\000o\000r\000y\000\040\000R\000e\000f\000e\000r\000e\000n\000c\000e}{chapter.7}% 35
\BOOKMARK [1][-]{section.7.16}{\376\377\0007\000.\0001\0006\000\040\000s\000r\000c\000/\000P\000r\000o\000g\000r\000a\000m\000/\000o\000b\000j\000\040\000D\000i\000r\000e\000c\000t\000o\000r\000y\000\040\000R\000e\000f\000e\000r\000e\000n\000c\000e}{chapter.7}% 36
\BOOKMARK [1][-]{section.7.17}{\376\377\0007\000.\0001\0007\000\040\000t\000e\000s\000t\000/\000L\000i\000b\000r\000a\000r\000y\000.\000T\000e\000s\000t\000s\000/\000o\000b\000j\000\040\000D\000i\000r\000e\000c\000t\000o\000r\000y\000\040\000R\000e\000f\000e\000r\000e\000n\000c\000e}{chapter.7}% 37
\BOOKMARK [1][-]{section.7.18}{\376\377\0007\000.\0001\0008\000\040\000s\000r\000c\000/\000P\000r\000o\000g\000r\000a\000m\000\040\000D\000i\000r\000e\000c\000t\000o\000r\000y\000\040\000R\000e\000f\000e\000r\000e\000n\000c\000e}{chapter.7}% 38
\BOOKMARK [1][-]{section.7.19}{\376\377\0007\000.\0001\0009\000\040\000s\000r\000c\000/\000L\000i\000b\000r\000a\000r\000y\000/\000P\000u\000e\000n\000t\000e\000D\000i\000s\000c\000o\000r\000d\000\040\000D\000i\000r\000e\000c\000t\000o\000r\000y\000\040\000R\000e\000f\000e\000r\000e\000n\000c\000e}{chapter.7}% 39
\BOOKMARK [1][-]{section.7.20}{\376\377\0007\000.\0002\0000\000\040\000s\000r\000c\000\040\000D\000i\000r\000e\000c\000t\000o\000r\000y\000\040\000R\000e\000f\000e\000r\000e\000n\000c\000e}{chapter.7}% 40
\BOOKMARK [1][-]{section.7.21}{\376\377\0007\000.\0002\0001\000\040\000t\000e\000s\000t\000\040\000D\000i\000r\000e\000c\000t\000o\000r\000y\000\040\000R\000e\000f\000e\000r\000e\000n\000c\000e}{chapter.7}% 41
\BOOKMARK [1][-]{section.7.22}{\376\377\0007\000.\0002\0002\000\040\000t\000e\000s\000t\000/\000L\000i\000b\000r\000a\000r\000y\000.\000T\000e\000s\000t\000s\000/\000T\000e\000s\000t\000s\000\040\000D\000i\000r\000e\000c\000t\000o\000r\000y\000\040\000R\000e\000f\000e\000r\000e\000n\000c\000e}{chapter.7}% 42
\BOOKMARK [0][-]{chapter.8}{\376\377\0008\000\040\000N\000a\000m\000e\000s\000p\000a\000c\000e\000\040\000D\000o\000c\000u\000m\000e\000n\000t\000a\000t\000i\000o\000n}{}% 43
\BOOKMARK [1][-]{section.8.1}{\376\377\0008\000.\0001\000\040\000L\000i\000b\000r\000a\000r\000y\000\040\000N\000a\000m\000e\000s\000p\000a\000c\000e\000\040\000R\000e\000f\000e\000r\000e\000n\000c\000e}{chapter.8}% 44
\BOOKMARK [1][-]{section.8.2}{\376\377\0008\000.\0002\000\040\000L\000i\000b\000r\000a\000r\000y\000.\000B\000o\000t\000C\000o\000r\000e\000\040\000N\000a\000m\000e\000s\000p\000a\000c\000e\000\040\000R\000e\000f\000e\000r\000e\000n\000c\000e}{chapter.8}% 45
\BOOKMARK [1][-]{section.8.3}{\376\377\0008\000.\0003\000\040\000L\000i\000b\000r\000a\000r\000y\000.\000B\000o\000t\000C\000o\000r\000e\000.\000C\000o\000m\000a\000n\000d\000o\000s\000\040\000N\000a\000m\000e\000s\000p\000a\000c\000e\000\040\000R\000e\000f\000e\000r\000e\000n\000c\000e}{chapter.8}% 46
\BOOKMARK [1][-]{section.8.4}{\376\377\0008\000.\0004\000\040\000L\000i\000b\000r\000a\000r\000y\000.\000B\000o\000t\000C\000o\000r\000e\000.\000I\000n\000t\000e\000r\000f\000a\000c\000e\000s\000\040\000N\000a\000m\000e\000s\000p\000a\000c\000e\000\040\000R\000e\000f\000e\000r\000e\000n\000c\000e}{chapter.8}% 47
\BOOKMARK [1][-]{section.8.5}{\376\377\0008\000.\0005\000\040\000L\000i\000b\000r\000a\000r\000y\000.\000C\000l\000a\000s\000e\000s\000\137\000p\000r\000i\000n\000c\000i\000p\000a\000l\000e\000s\000\040\000N\000a\000m\000e\000s\000p\000a\000c\000e\000\040\000R\000e\000f\000e\000r\000e\000n\000c\000e}{chapter.8}% 48
\BOOKMARK [1][-]{section.8.6}{\376\377\0008\000.\0006\000\040\000L\000i\000b\000r\000a\000r\000y\000.\000C\000l\000a\000s\000e\000s\000\137\000t\000i\000p\000o\000s\000\040\000N\000a\000m\000e\000s\000p\000a\000c\000e\000\040\000R\000e\000f\000e\000r\000e\000n\000c\000e}{chapter.8}% 49
\BOOKMARK [1][-]{section.8.7}{\376\377\0008\000.\0007\000\040\000L\000i\000b\000r\000a\000r\000y\000.\000F\000a\000c\000h\000a\000d\000a\000s\000\040\000N\000a\000m\000e\000s\000p\000a\000c\000e\000\040\000R\000e\000f\000e\000r\000e\000n\000c\000e}{chapter.8}% 50
\BOOKMARK [1][-]{section.8.8}{\376\377\0008\000.\0008\000\040\000L\000i\000b\000r\000a\000r\000y\000.\000P\000u\000e\000n\000t\000e\000D\000i\000s\000c\000o\000r\000d\000\040\000N\000a\000m\000e\000s\000p\000a\000c\000e\000\040\000R\000e\000f\000e\000r\000e\000n\000c\000e}{chapter.8}% 51
\BOOKMARK [1][-]{section.8.9}{\376\377\0008\000.\0009\000\040\000L\000i\000b\000r\000a\000r\000y\000.\000T\000e\000s\000t\000s\000\040\000N\000a\000m\000e\000s\000p\000a\000c\000e\000\040\000R\000e\000f\000e\000r\000e\000n\000c\000e}{chapter.8}% 52
\BOOKMARK [0][-]{chapter.9}{\376\377\0009\000\040\000C\000l\000a\000s\000s\000\040\000D\000o\000c\000u\000m\000e\000n\000t\000a\000t\000i\000o\000n}{}% 53
\BOOKMARK [1][-]{section.9.1}{\376\377\0009\000.\0001\000\040\000L\000i\000b\000r\000a\000r\000y\000.\000C\000l\000a\000s\000e\000s\000\137\000p\000r\000i\000n\000c\000i\000p\000a\000l\000e\000s\000.\000A\000d\000m\000i\000n\000i\000s\000t\000r\000a\000d\000o\000r\000\040\000C\000l\000a\000s\000s\000\040\000R\000e\000f\000e\000r\000e\000n\000c\000e}{chapter.9}% 54
\BOOKMARK [2][-]{subsection.9.1.1}{\376\377\0009\000.\0001\000.\0001\000\040\000D\000e\000t\000a\000i\000l\000e\000d\000\040\000D\000e\000s\000c\000r\000i\000p\000t\000i\000o\000n}{section.9.1}% 55
\BOOKMARK [2][-]{subsection.9.1.2}{\376\377\0009\000.\0001\000.\0002\000\040\000C\000o\000n\000s\000t\000r\000u\000c\000t\000o\000r\000\040\000\046\000\040\000D\000e\000s\000t\000r\000u\000c\000t\000o\000r\000\040\000D\000o\000c\000u\000m\000e\000n\000t\000a\000t\000i\000o\000n}{section.9.1}% 56
\BOOKMARK [3][-]{subsubsection.9.1.2.1}{\376\377\0009\000.\0001\000.\0002\000.\0001\000\040\000A\000d\000m\000i\000n\000i\000s\000t\000r\000a\000d\000o\000r\000\050\000\051}{subsection.9.1.2}% 57
\BOOKMARK [2][-]{subsection.9.1.3}{\376\377\0009\000.\0001\000.\0003\000\040\000M\000e\000m\000b\000e\000r\000\040\000F\000u\000n\000c\000t\000i\000o\000n\000\040\000D\000o\000c\000u\000m\000e\000n\000t\000a\000t\000i\000o\000n}{section.9.1}% 58
\BOOKMARK [3][-]{subsubsection.9.1.3.1}{\376\377\0009\000.\0001\000.\0003\000.\0001\000\040\000C\000r\000e\000a\000r\000U\000s\000u\000a\000r\000i\000o\000\050\000\051}{subsection.9.1.3}% 59
\BOOKMARK [3][-]{subsubsection.9.1.3.2}{\376\377\0009\000.\0001\000.\0003\000.\0002\000\040\000E\000l\000i\000m\000i\000n\000a\000r\000U\000s\000u\000a\000r\000i\000o\000\050\000\051}{subsection.9.1.3}% 60
\BOOKMARK [2][-]{subsection.9.1.4}{\376\377\0009\000.\0001\000.\0004\000\040\000P\000r\000o\000p\000e\000r\000t\000y\000\040\000D\000o\000c\000u\000m\000e\000n\000t\000a\000t\000i\000o\000n}{section.9.1}% 61
\BOOKMARK [3][-]{subsubsection.9.1.4.1}{\376\377\0009\000.\0001\000.\0004\000.\0001\000\040\000C\000l\000a\000v\000e}{subsection.9.1.4}% 62
\BOOKMARK [3][-]{subsubsection.9.1.4.2}{\376\377\0009\000.\0001\000.\0004\000.\0002\000\040\000N\000o\000m\000b\000r\000e}{subsection.9.1.4}% 63
\BOOKMARK [3][-]{subsubsection.9.1.4.3}{\376\377\0009\000.\0001\000.\0004\000.\0003\000\040\000U\000s\000u\000a\000r\000i\000o\000s}{subsection.9.1.4}% 64
\BOOKMARK [1][-]{section.9.2}{\376\377\0009\000.\0002\000\040\000L\000i\000b\000r\000a\000r\000y\000.\000T\000e\000s\000t\000s\000.\000A\000d\000m\000i\000n\000i\000s\000t\000r\000a\000d\000o\000r\000T\000e\000s\000t\000\040\000C\000l\000a\000s\000s\000\040\000R\000e\000f\000e\000r\000e\000n\000c\000e}{chapter.9}% 65
\BOOKMARK [2][-]{subsection.9.2.1}{\376\377\0009\000.\0002\000.\0001\000\040\000D\000e\000t\000a\000i\000l\000e\000d\000\040\000D\000e\000s\000c\000r\000i\000p\000t\000i\000o\000n}{section.9.2}% 66
\BOOKMARK [2][-]{subsection.9.2.2}{\376\377\0009\000.\0002\000.\0002\000\040\000M\000e\000m\000b\000e\000r\000\040\000F\000u\000n\000c\000t\000i\000o\000n\000\040\000D\000o\000c\000u\000m\000e\000n\000t\000a\000t\000i\000o\000n}{section.9.2}% 67
\BOOKMARK [3][-]{subsubsection.9.2.2.1}{\376\377\0009\000.\0002\000.\0002\000.\0001\000\040\000C\000r\000e\000a\000r\000U\000s\000u\000a\000r\000i\000o\000\050\000\051}{subsection.9.2.2}% 68
\BOOKMARK [3][-]{subsubsection.9.2.2.2}{\376\377\0009\000.\0002\000.\0002\000.\0002\000\040\000E\000l\000i\000m\000i\000n\000a\000r\000U\000s\000u\000a\000r\000i\000o\000\050\000\051}{subsection.9.2.2}% 69
\BOOKMARK [3][-]{subsubsection.9.2.2.3}{\376\377\0009\000.\0002\000.\0002\000.\0003\000\040\000E\000l\000i\000m\000i\000n\000a\000r\000U\000s\000u\000a\000r\000i\000o\000\137\000S\000i\000N\000o\000E\000x\000i\000s\000t\000e\000\050\000\051}{subsection.9.2.2}% 70
\BOOKMARK [3][-]{subsubsection.9.2.2.4}{\376\377\0009\000.\0002\000.\0002\000.\0004\000\040\000S\000e\000t\000u\000p\000\050\000\051}{subsection.9.2.2}% 71
\BOOKMARK [1][-]{section.9.3}{\376\377\0009\000.\0003\000\040\000L\000i\000b\000r\000a\000r\000y\000.\000B\000o\000t\000C\000o\000r\000e\000.\000C\000o\000m\000a\000n\000d\000o\000s\000.\000A\000g\000r\000e\000g\000a\000r\000E\000t\000i\000q\000u\000e\000t\000a\000C\000l\000i\000e\000n\000t\000e\000U\000s\000u\000a\000r\000i\000o\000\040\000C\000l\000a\000s\000s\000\040\000R\000e\000f\000e\000r\000e\000n\000c\000e}{chapter.9}% 72
\BOOKMARK [2][-]{subsection.9.3.1}{\376\377\0009\000.\0003\000.\0001\000\040\000D\000e\000t\000a\000i\000l\000e\000d\000\040\000D\000e\000s\000c\000r\000i\000p\000t\000i\000o\000n}{section.9.3}% 73
\BOOKMARK [2][-]{subsection.9.3.2}{\376\377\0009\000.\0003\000.\0002\000\040\000C\000o\000n\000s\000t\000r\000u\000c\000t\000o\000r\000\040\000\046\000\040\000D\000e\000s\000t\000r\000u\000c\000t\000o\000r\000\040\000D\000o\000c\000u\000m\000e\000n\000t\000a\000t\000i\000o\000n}{section.9.3}% 74
\BOOKMARK [3][-]{subsubsection.9.3.2.1}{\376\377\0009\000.\0003\000.\0002\000.\0001\000\040\000A\000g\000r\000e\000g\000a\000r\000E\000t\000i\000q\000u\000e\000t\000a\000C\000l\000i\000e\000n\000t\000e\000U\000s\000u\000a\000r\000i\000o\000\050\000\051}{subsection.9.3.2}% 75
\BOOKMARK [2][-]{subsection.9.3.3}{\376\377\0009\000.\0003\000.\0003\000\040\000M\000e\000m\000b\000e\000r\000\040\000F\000u\000n\000c\000t\000i\000o\000n\000\040\000D\000o\000c\000u\000m\000e\000n\000t\000a\000t\000i\000o\000n}{section.9.3}% 76
\BOOKMARK [3][-]{subsubsection.9.3.3.1}{\376\377\0009\000.\0003\000.\0003\000.\0001\000\040\000E\000j\000e\000c\000u\000t\000a\000r\000\050\000\051}{subsection.9.3.3}% 77
\BOOKMARK [2][-]{subsection.9.3.4}{\376\377\0009\000.\0003\000.\0004\000\040\000P\000r\000o\000p\000e\000r\000t\000y\000\040\000D\000o\000c\000u\000m\000e\000n\000t\000a\000t\000i\000o\000n}{section.9.3}% 78
\BOOKMARK [3][-]{subsubsection.9.3.4.1}{\376\377\0009\000.\0003\000.\0004\000.\0001\000\040\000D\000e\000s\000c\000r\000i\000p\000c\000i\000o\000n}{subsection.9.3.4}% 79
\BOOKMARK [3][-]{subsubsection.9.3.4.2}{\376\377\0009\000.\0003\000.\0004\000.\0002\000\040\000N\000o\000m\000b\000r\000e}{subsection.9.3.4}% 80
\BOOKMARK [1][-]{section.9.4}{\376\377\0009\000.\0004\000\040\000L\000i\000b\000r\000a\000r\000y\000.\000B\000o\000t\000C\000o\000r\000e\000.\000C\000o\000m\000a\000n\000d\000o\000s\000.\000A\000s\000i\000g\000n\000a\000r\000C\000l\000i\000e\000n\000t\000e\000V\000e\000n\000d\000e\000d\000o\000r\000\040\000C\000l\000a\000s\000s\000\040\000R\000e\000f\000e\000r\000e\000n\000c\000e}{chapter.9}% 81
\BOOKMARK [2][-]{subsection.9.4.1}{\376\377\0009\000.\0004\000.\0001\000\040\000D\000e\000t\000a\000i\000l\000e\000d\000\040\000D\000e\000s\000c\000r\000i\000p\000t\000i\000o\000n}{section.9.4}% 82
\BOOKMARK [2][-]{subsection.9.4.2}{\376\377\0009\000.\0004\000.\0002\000\040\000C\000o\000n\000s\000t\000r\000u\000c\000t\000o\000r\000\040\000\046\000\040\000D\000e\000s\000t\000r\000u\000c\000t\000o\000r\000\040\000D\000o\000c\000u\000m\000e\000n\000t\000a\000t\000i\000o\000n}{section.9.4}% 83
\BOOKMARK [3][-]{subsubsection.9.4.2.1}{\376\377\0009\000.\0004\000.\0002\000.\0001\000\040\000A\000s\000i\000g\000n\000a\000r\000C\000l\000i\000e\000n\000t\000e\000V\000e\000n\000d\000e\000d\000o\000r\000\050\000\051}{subsection.9.4.2}% 84
\BOOKMARK [2][-]{subsection.9.4.3}{\376\377\0009\000.\0004\000.\0003\000\040\000M\000e\000m\000b\000e\000r\000\040\000F\000u\000n\000c\000t\000i\000o\000n\000\040\000D\000o\000c\000u\000m\000e\000n\000t\000a\000t\000i\000o\000n}{section.9.4}% 85
\BOOKMARK [3][-]{subsubsection.9.4.3.1}{\376\377\0009\000.\0004\000.\0003\000.\0001\000\040\000E\000j\000e\000c\000u\000t\000a\000r\000\050\000\051}{subsection.9.4.3}% 86
\BOOKMARK [2][-]{subsection.9.4.4}{\376\377\0009\000.\0004\000.\0004\000\040\000P\000r\000o\000p\000e\000r\000t\000y\000\040\000D\000o\000c\000u\000m\000e\000n\000t\000a\000t\000i\000o\000n}{section.9.4}% 87
\BOOKMARK [3][-]{subsubsection.9.4.4.1}{\376\377\0009\000.\0004\000.\0004\000.\0001\000\040\000D\000e\000s\000c\000r\000i\000p\000c\000i\000o\000n}{subsection.9.4.4}% 88
\BOOKMARK [3][-]{subsubsection.9.4.4.2}{\376\377\0009\000.\0004\000.\0004\000.\0002\000\040\000N\000o\000m\000b\000r\000e}{subsection.9.4.4}% 89
\BOOKMARK [1][-]{section.9.5}{\376\377\0009\000.\0005\000\040\000L\000i\000b\000r\000a\000r\000y\000.\000B\000o\000t\000C\000o\000r\000e\000.\000B\000o\000t\000C\000o\000r\000e\000\040\000C\000l\000a\000s\000s\000\040\000R\000e\000f\000e\000r\000e\000n\000c\000e}{chapter.9}% 90
\BOOKMARK [2][-]{subsection.9.5.1}{\376\377\0009\000.\0005\000.\0001\000\040\000D\000e\000t\000a\000i\000l\000e\000d\000\040\000D\000e\000s\000c\000r\000i\000p\000t\000i\000o\000n}{section.9.5}% 91
\BOOKMARK [2][-]{subsection.9.5.2}{\376\377\0009\000.\0005\000.\0002\000\040\000M\000e\000m\000b\000e\000r\000\040\000F\000u\000n\000c\000t\000i\000o\000n\000\040\000D\000o\000c\000u\000m\000e\000n\000t\000a\000t\000i\000o\000n}{section.9.5}% 92
\BOOKMARK [3][-]{subsubsection.9.5.2.1}{\376\377\0009\000.\0005\000.\0002\000.\0001\000\040\000E\000n\000v\000i\000a\000r\000M\000e\000n\000s\000a\000j\000e\000\050\000\051}{subsection.9.5.2}% 93
\BOOKMARK [3][-]{subsubsection.9.5.2.2}{\376\377\0009\000.\0005\000.\0002\000.\0002\000\040\000M\000o\000s\000t\000r\000a\000r\000C\000o\000m\000a\000n\000d\000o\000s\000\050\000\051}{subsection.9.5.2}% 94
\BOOKMARK [3][-]{subsubsection.9.5.2.3}{\376\377\0009\000.\0005\000.\0002\000.\0003\000\040\000P\000r\000o\000c\000e\000s\000a\000r\000O\000p\000c\000i\000o\000n\000\050\000\051}{subsection.9.5.2}% 95
\BOOKMARK [3][-]{subsubsection.9.5.2.4}{\376\377\0009\000.\0005\000.\0002\000.\0004\000\040\000R\000e\000g\000i\000s\000t\000r\000a\000r\000C\000o\000m\000a\000n\000d\000o\000\050\000\051}{subsection.9.5.2}% 96
\BOOKMARK [2][-]{subsection.9.5.3}{\376\377\0009\000.\0005\000.\0003\000\040\000P\000r\000o\000p\000e\000r\000t\000y\000\040\000D\000o\000c\000u\000m\000e\000n\000t\000a\000t\000i\000o\000n}{section.9.5}% 97
\BOOKMARK [3][-]{subsubsection.9.5.3.1}{\376\377\0009\000.\0005\000.\0003\000.\0001\000\040\000S\000e\000s\000i\000o\000n}{subsection.9.5.3}% 98
\BOOKMARK [1][-]{section.9.6}{\376\377\0009\000.\0006\000\040\000L\000i\000b\000r\000a\000r\000y\000.\000T\000e\000s\000t\000s\000.\000B\000o\000t\000C\000o\000r\000e\000T\000e\000s\000t\000\040\000C\000l\000a\000s\000s\000\040\000R\000e\000f\000e\000r\000e\000n\000c\000e}{chapter.9}% 99
\BOOKMARK [2][-]{subsection.9.6.1}{\376\377\0009\000.\0006\000.\0001\000\040\000D\000e\000t\000a\000i\000l\000e\000d\000\040\000D\000e\000s\000c\000r\000i\000p\000t\000i\000o\000n}{section.9.6}% 100
\BOOKMARK [2][-]{subsection.9.6.2}{\376\377\0009\000.\0006\000.\0002\000\040\000M\000e\000m\000b\000e\000r\000\040\000F\000u\000n\000c\000t\000i\000o\000n\000\040\000D\000o\000c\000u\000m\000e\000n\000t\000a\000t\000i\000o\000n}{section.9.6}% 101
\BOOKMARK [3][-]{subsubsection.9.6.2.1}{\376\377\0009\000.\0006\000.\0002\000.\0001\000\040\000P\000r\000o\000c\000e\000s\000a\000r\000O\000p\000c\000i\000o\000n\000\137\000F\000o\000r\000m\000a\000t\000o\000I\000n\000c\000o\000r\000r\000e\000c\000t\000o\000\050\000\051}{subsection.9.6.2}% 102
\BOOKMARK [3][-]{subsubsection.9.6.2.2}{\376\377\0009\000.\0006\000.\0002\000.\0002\000\040\000P\000r\000o\000c\000e\000s\000a\000r\000O\000p\000c\000i\000o\000n\000\137\000I\000n\000e\000x\000i\000s\000t\000e\000n\000t\000e\000\050\000\051}{subsection.9.6.2}% 103
\BOOKMARK [3][-]{subsubsection.9.6.2.3}{\376\377\0009\000.\0006\000.\0002\000.\0003\000\040\000P\000r\000o\000c\000e\000s\000a\000r\000O\000p\000c\000i\000o\000n\000\137\000V\000a\000l\000i\000d\000a\000\050\000\051}{subsection.9.6.2}% 104
\BOOKMARK [3][-]{subsubsection.9.6.2.4}{\376\377\0009\000.\0006\000.\0002\000.\0004\000\040\000R\000e\000g\000i\000s\000t\000r\000a\000r\000C\000o\000m\000a\000n\000d\000o\000\050\000\051}{subsection.9.6.2}% 105
\BOOKMARK [3][-]{subsubsection.9.6.2.5}{\376\377\0009\000.\0006\000.\0002\000.\0005\000\040\000S\000e\000t\000u\000p\000\050\000\051}{subsection.9.6.2}% 106
\BOOKMARK [1][-]{section.9.7}{\376\377\0009\000.\0007\000\040\000B\000o\000t\000D\000i\000s\000c\000o\000r\000d\000B\000r\000i\000d\000g\000e\000\040\000C\000l\000a\000s\000s\000\040\000R\000e\000f\000e\000r\000e\000n\000c\000e}{chapter.9}% 107
\BOOKMARK [2][-]{subsection.9.7.1}{\376\377\0009\000.\0007\000.\0001\000\040\000D\000e\000t\000a\000i\000l\000e\000d\000\040\000D\000e\000s\000c\000r\000i\000p\000t\000i\000o\000n}{section.9.7}% 108
\BOOKMARK [2][-]{subsection.9.7.2}{\376\377\0009\000.\0007\000.\0002\000\040\000C\000o\000n\000s\000t\000r\000u\000c\000t\000o\000r\000\040\000\046\000\040\000D\000e\000s\000t\000r\000u\000c\000t\000o\000r\000\040\000D\000o\000c\000u\000m\000e\000n\000t\000a\000t\000i\000o\000n}{section.9.7}% 109
\BOOKMARK [3][-]{subsubsection.9.7.2.1}{\376\377\0009\000.\0007\000.\0002\000.\0001\000\040\000B\000o\000t\000D\000i\000s\000c\000o\000r\000d\000B\000r\000i\000d\000g\000e\000\050\000\051}{subsection.9.7.2}% 110
\BOOKMARK [1][-]{section.9.8}{\376\377\0009\000.\0008\000\040\000L\000i\000b\000r\000a\000r\000y\000.\000B\000o\000t\000C\000o\000r\000e\000.\000C\000o\000m\000a\000n\000d\000o\000s\000.\000B\000u\000s\000c\000a\000r\000C\000l\000i\000e\000n\000t\000e\000U\000s\000u\000a\000r\000i\000o\000\040\000C\000l\000a\000s\000s\000\040\000R\000e\000f\000e\000r\000e\000n\000c\000e}{chapter.9}% 111
\BOOKMARK [2][-]{subsection.9.8.1}{\376\377\0009\000.\0008\000.\0001\000\040\000D\000e\000t\000a\000i\000l\000e\000d\000\040\000D\000e\000s\000c\000r\000i\000p\000t\000i\000o\000n}{section.9.8}% 112
\BOOKMARK [2][-]{subsection.9.8.2}{\376\377\0009\000.\0008\000.\0002\000\040\000C\000o\000n\000s\000t\000r\000u\000c\000t\000o\000r\000\040\000\046\000\040\000D\000e\000s\000t\000r\000u\000c\000t\000o\000r\000\040\000D\000o\000c\000u\000m\000e\000n\000t\000a\000t\000i\000o\000n}{section.9.8}% 113
\BOOKMARK [3][-]{subsubsection.9.8.2.1}{\376\377\0009\000.\0008\000.\0002\000.\0001\000\040\000B\000u\000s\000c\000a\000r\000C\000l\000i\000e\000n\000t\000e\000U\000s\000u\000a\000r\000i\000o\000\050\000\051}{subsection.9.8.2}% 114
\BOOKMARK [2][-]{subsection.9.8.3}{\376\377\0009\000.\0008\000.\0003\000\040\000M\000e\000m\000b\000e\000r\000\040\000F\000u\000n\000c\000t\000i\000o\000n\000\040\000D\000o\000c\000u\000m\000e\000n\000t\000a\000t\000i\000o\000n}{section.9.8}% 115
\BOOKMARK [3][-]{subsubsection.9.8.3.1}{\376\377\0009\000.\0008\000.\0003\000.\0001\000\040\000E\000j\000e\000c\000u\000t\000a\000r\000\050\000\051}{subsection.9.8.3}% 116
\BOOKMARK [2][-]{subsection.9.8.4}{\376\377\0009\000.\0008\000.\0004\000\040\000P\000r\000o\000p\000e\000r\000t\000y\000\040\000D\000o\000c\000u\000m\000e\000n\000t\000a\000t\000i\000o\000n}{section.9.8}% 117
\BOOKMARK [3][-]{subsubsection.9.8.4.1}{\376\377\0009\000.\0008\000.\0004\000.\0001\000\040\000D\000e\000s\000c\000r\000i\000p\000c\000i\000o\000n}{subsection.9.8.4}% 118
\BOOKMARK [3][-]{subsubsection.9.8.4.2}{\376\377\0009\000.\0008\000.\0004\000.\0002\000\040\000N\000o\000m\000b\000r\000e}{subsection.9.8.4}% 119
\BOOKMARK [1][-]{section.9.9}{\376\377\0009\000.\0009\000\040\000L\000i\000b\000r\000a\000r\000y\000.\000C\000l\000a\000s\000e\000s\000\137\000p\000r\000i\000n\000c\000i\000p\000a\000l\000e\000s\000.\000C\000l\000i\000e\000n\000t\000e\000\040\000C\000l\000a\000s\000s\000\040\000R\000e\000f\000e\000r\000e\000n\000c\000e}{chapter.9}% 120
\BOOKMARK [2][-]{subsection.9.9.1}{\376\377\0009\000.\0009\000.\0001\000\040\000D\000e\000t\000a\000i\000l\000e\000d\000\040\000D\000e\000s\000c\000r\000i\000p\000t\000i\000o\000n}{section.9.9}% 121
\BOOKMARK [2][-]{subsection.9.9.2}{\376\377\0009\000.\0009\000.\0002\000\040\000C\000o\000n\000s\000t\000r\000u\000c\000t\000o\000r\000\040\000\046\000\040\000D\000e\000s\000t\000r\000u\000c\000t\000o\000r\000\040\000D\000o\000c\000u\000m\000e\000n\000t\000a\000t\000i\000o\000n}{section.9.9}% 122
\BOOKMARK [3][-]{subsubsection.9.9.2.1}{\376\377\0009\000.\0009\000.\0002\000.\0001\000\040\000C\000l\000i\000e\000n\000t\000e\000\050\000\051}{subsection.9.9.2}% 123
\BOOKMARK [2][-]{subsection.9.9.3}{\376\377\0009\000.\0009\000.\0003\000\040\000M\000e\000m\000b\000e\000r\000\040\000F\000u\000n\000c\000t\000i\000o\000n\000\040\000D\000o\000c\000u\000m\000e\000n\000t\000a\000t\000i\000o\000n}{section.9.9}% 124
\BOOKMARK [3][-]{subsubsection.9.9.3.1}{\376\377\0009\000.\0009\000.\0003\000.\0001\000\040\000C\000o\000n\000t\000a\000c\000t\000a\000r\000\050\000\051}{subsection.9.9.3}% 125
\BOOKMARK [2][-]{subsection.9.9.4}{\376\377\0009\000.\0009\000.\0004\000\040\000P\000r\000o\000p\000e\000r\000t\000y\000\040\000D\000o\000c\000u\000m\000e\000n\000t\000a\000t\000i\000o\000n}{section.9.9}% 126
\BOOKMARK [3][-]{subsubsection.9.9.4.1}{\376\377\0009\000.\0009\000.\0004\000.\0001\000\040\000A\000p\000e\000l\000l\000i\000d\000o}{subsection.9.9.4}% 127
\BOOKMARK [3][-]{subsubsection.9.9.4.2}{\376\377\0009\000.\0009\000.\0004\000.\0002\000\040\000E\000m\000a\000i\000l}{subsection.9.9.4}% 128
\BOOKMARK [3][-]{subsubsection.9.9.4.3}{\376\377\0009\000.\0009\000.\0004\000.\0003\000\040\000E\000t\000i\000q\000u\000e\000t\000a}{subsection.9.9.4}% 129
\BOOKMARK [3][-]{subsubsection.9.9.4.4}{\376\377\0009\000.\0009\000.\0004\000.\0004\000\040\000F\000e\000c\000h\000a\000N\000a\000c\000i\000m\000i\000e\000n\000t\000o}{subsection.9.9.4}% 130
\BOOKMARK [3][-]{subsubsection.9.9.4.5}{\376\377\0009\000.\0009\000.\0004\000.\0005\000\040\000G\000e\000n\000e\000r\000o}{subsection.9.9.4}% 131
\BOOKMARK [3][-]{subsubsection.9.9.4.6}{\376\377\0009\000.\0009\000.\0004\000.\0006\000\040\000I\000d}{subsection.9.9.4}% 132
\BOOKMARK [3][-]{subsubsection.9.9.4.7}{\376\377\0009\000.\0009\000.\0004\000.\0007\000\040\000N\000o\000m\000b\000r\000e}{subsection.9.9.4}% 133
\BOOKMARK [3][-]{subsubsection.9.9.4.8}{\376\377\0009\000.\0009\000.\0004\000.\0008\000\040\000T\000e\000l\000e\000f\000o\000n\000o}{subsection.9.9.4}% 134
\BOOKMARK [1][-]{section.9.10}{\376\377\0009\000.\0001\0000\000\040\000L\000i\000b\000r\000a\000r\000y\000.\000T\000e\000s\000t\000s\000.\000C\000o\000m\000a\000n\000d\000o\000s\000B\000o\000t\000T\000e\000s\000t\000\040\000C\000l\000a\000s\000s\000\040\000R\000e\000f\000e\000r\000e\000n\000c\000e}{chapter.9}% 135
\BOOKMARK [2][-]{subsection.9.10.1}{\376\377\0009\000.\0001\0000\000.\0001\000\040\000D\000e\000t\000a\000i\000l\000e\000d\000\040\000D\000e\000s\000c\000r\000i\000p\000t\000i\000o\000n}{section.9.10}% 136
\BOOKMARK [2][-]{subsection.9.10.2}{\376\377\0009\000.\0001\0000\000.\0002\000\040\000M\000e\000m\000b\000e\000r\000\040\000F\000u\000n\000c\000t\000i\000o\000n\000\040\000D\000o\000c\000u\000m\000e\000n\000t\000a\000t\000i\000o\000n}{section.9.10}% 137
\BOOKMARK [3][-]{subsubsection.9.10.2.1}{\376\377\0009\000.\0001\0000\000.\0002\000.\0001\000\040\000C\000r\000e\000a\000r\000C\000l\000i\000e\000n\000t\000e\000\137\000D\000e\000b\000e\000r\000i\000a\000A\000g\000r\000e\000g\000a\000r\000C\000l\000i\000e\000n\000t\000e\000A\000l\000U\000s\000u\000a\000r\000i\000o\000\050\000\051}{subsection.9.10.2}% 138
\BOOKMARK [3][-]{subsubsection.9.10.2.2}{\376\377\0009\000.\0001\0000\000.\0002\000.\0002\000\040\000C\000r\000e\000a\000r\000U\000s\000u\000a\000r\000i\000o\000\137\000D\000e\000b\000e\000r\000i\000a\000A\000g\000r\000e\000g\000a\000r\000U\000s\000u\000a\000r\000i\000o\000A\000L\000a\000L\000i\000s\000t\000a\000\050\000\051}{subsection.9.10.2}% 139
\BOOKMARK [3][-]{subsubsection.9.10.2.3}{\376\377\0009\000.\0001\0000\000.\0002\000.\0003\000\040\000E\000l\000i\000m\000i\000n\000a\000r\000U\000s\000u\000a\000r\000i\000o\000P\000o\000r\000I\000d\000\137\000D\000e\000b\000e\000r\000i\000a\000E\000l\000i\000m\000i\000n\000a\000r\000U\000s\000u\000a\000r\000i\000o\000E\000x\000i\000s\000t\000e\000n\000t\000e\000\050\000\051}{subsection.9.10.2}% 140
\BOOKMARK [3][-]{subsubsection.9.10.2.4}{\376\377\0009\000.\0001\0000\000.\0002\000.\0004\000\040\000L\000o\000g\000i\000n\000A\000d\000m\000i\000n\000i\000s\000t\000r\000a\000d\000o\000r\000\137\000D\000e\000b\000e\000r\000i\000a\000R\000e\000t\000o\000r\000n\000a\000r\000A\000d\000m\000i\000n\000C\000o\000r\000r\000e\000c\000t\000o\000\050\000\051}{subsection.9.10.2}% 141
\BOOKMARK [3][-]{subsubsection.9.10.2.5}{\376\377\0009\000.\0001\0000\000.\0002\000.\0005\000\040\000S\000e\000t\000u\000p\000\050\000\051}{subsection.9.10.2}% 142
\BOOKMARK [3][-]{subsubsection.9.10.2.6}{\376\377\0009\000.\0001\0000\000.\0002\000.\0006\000\040\000S\000u\000s\000p\000e\000n\000d\000e\000r\000U\000s\000u\000a\000r\000i\000o\000\137\000D\000e\000b\000e\000r\000i\000a\000M\000a\000r\000c\000a\000r\000U\000s\000u\000a\000r\000i\000o\000C\000o\000m\000o\000S\000u\000s\000p\000e\000n\000d\000i\000d\000o\000\050\000\051}{subsection.9.10.2}% 143
\BOOKMARK [1][-]{section.9.11}{\376\377\0009\000.\0001\0001\000\040\000L\000i\000b\000r\000a\000r\000y\000.\000B\000o\000t\000C\000o\000r\000e\000.\000C\000o\000m\000a\000n\000d\000o\000s\000.\000C\000o\000n\000t\000a\000c\000t\000o\000P\000e\000n\000d\000i\000e\000n\000t\000e\000C\000l\000i\000e\000n\000t\000e\000U\000s\000u\000a\000r\000i\000o\000\040\000C\000l\000a\000s\000s\000\040\000R\000e\000f\000e\000r\000e\000n\000c\000e}{chapter.9}% 144
\BOOKMARK [2][-]{subsection.9.11.1}{\376\377\0009\000.\0001\0001\000.\0001\000\040\000D\000e\000t\000a\000i\000l\000e\000d\000\040\000D\000e\000s\000c\000r\000i\000p\000t\000i\000o\000n}{section.9.11}% 145
\BOOKMARK [2][-]{subsection.9.11.2}{\376\377\0009\000.\0001\0001\000.\0002\000\040\000C\000o\000n\000s\000t\000r\000u\000c\000t\000o\000r\000\040\000\046\000\040\000D\000e\000s\000t\000r\000u\000c\000t\000o\000r\000\040\000D\000o\000c\000u\000m\000e\000n\000t\000a\000t\000i\000o\000n}{section.9.11}% 146
\BOOKMARK [3][-]{subsubsection.9.11.2.1}{\376\377\0009\000.\0001\0001\000.\0002\000.\0001\000\040\000C\000o\000n\000t\000a\000c\000t\000o\000P\000e\000n\000d\000i\000e\000n\000t\000e\000C\000l\000i\000e\000n\000t\000e\000U\000s\000u\000a\000r\000i\000o\000\050\000\051}{subsection.9.11.2}% 147
\BOOKMARK [2][-]{subsection.9.11.3}{\376\377\0009\000.\0001\0001\000.\0003\000\040\000M\000e\000m\000b\000e\000r\000\040\000F\000u\000n\000c\000t\000i\000o\000n\000\040\000D\000o\000c\000u\000m\000e\000n\000t\000a\000t\000i\000o\000n}{section.9.11}% 148
\BOOKMARK [3][-]{subsubsection.9.11.3.1}{\376\377\0009\000.\0001\0001\000.\0003\000.\0001\000\040\000E\000j\000e\000c\000u\000t\000a\000r\000\050\000\051}{subsection.9.11.3}% 149
\BOOKMARK [2][-]{subsection.9.11.4}{\376\377\0009\000.\0001\0001\000.\0004\000\040\000P\000r\000o\000p\000e\000r\000t\000y\000\040\000D\000o\000c\000u\000m\000e\000n\000t\000a\000t\000i\000o\000n}{section.9.11}% 150
\BOOKMARK [3][-]{subsubsection.9.11.4.1}{\376\377\0009\000.\0001\0001\000.\0004\000.\0001\000\040\000D\000e\000s\000c\000r\000i\000p\000c\000i\000o\000n}{subsection.9.11.4}% 151
\BOOKMARK [3][-]{subsubsection.9.11.4.2}{\376\377\0009\000.\0001\0001\000.\0004\000.\0002\000\040\000N\000o\000m\000b\000r\000e}{subsection.9.11.4}% 152
\BOOKMARK [1][-]{section.9.12}{\376\377\0009\000.\0001\0002\000\040\000L\000i\000b\000r\000a\000r\000y\000.\000B\000o\000t\000C\000o\000r\000e\000.\000C\000o\000m\000a\000n\000d\000o\000s\000.\000C\000r\000e\000a\000r\000C\000l\000i\000e\000n\000t\000e\000U\000s\000u\000a\000r\000i\000o\000\040\000C\000l\000a\000s\000s\000\040\000R\000e\000f\000e\000r\000e\000n\000c\000e}{chapter.9}% 153
\BOOKMARK [2][-]{subsection.9.12.1}{\376\377\0009\000.\0001\0002\000.\0001\000\040\000D\000e\000t\000a\000i\000l\000e\000d\000\040\000D\000e\000s\000c\000r\000i\000p\000t\000i\000o\000n}{section.9.12}% 154
\BOOKMARK [2][-]{subsection.9.12.2}{\376\377\0009\000.\0001\0002\000.\0002\000\040\000C\000o\000n\000s\000t\000r\000u\000c\000t\000o\000r\000\040\000\046\000\040\000D\000e\000s\000t\000r\000u\000c\000t\000o\000r\000\040\000D\000o\000c\000u\000m\000e\000n\000t\000a\000t\000i\000o\000n}{section.9.12}% 155
\BOOKMARK [3][-]{subsubsection.9.12.2.1}{\376\377\0009\000.\0001\0002\000.\0002\000.\0001\000\040\000C\000r\000e\000a\000r\000C\000l\000i\000e\000n\000t\000e\000U\000s\000u\000a\000r\000i\000o\000\050\000\051}{subsection.9.12.2}% 156
\BOOKMARK [2][-]{subsection.9.12.3}{\376\377\0009\000.\0001\0002\000.\0003\000\040\000M\000e\000m\000b\000e\000r\000\040\000F\000u\000n\000c\000t\000i\000o\000n\000\040\000D\000o\000c\000u\000m\000e\000n\000t\000a\000t\000i\000o\000n}{section.9.12}% 157
\BOOKMARK [3][-]{subsubsection.9.12.3.1}{\376\377\0009\000.\0001\0002\000.\0003\000.\0001\000\040\000E\000j\000e\000c\000u\000t\000a\000r\000\050\000\051}{subsection.9.12.3}% 158
\BOOKMARK [2][-]{subsection.9.12.4}{\376\377\0009\000.\0001\0002\000.\0004\000\040\000P\000r\000o\000p\000e\000r\000t\000y\000\040\000D\000o\000c\000u\000m\000e\000n\000t\000a\000t\000i\000o\000n}{section.9.12}% 159
\BOOKMARK [3][-]{subsubsection.9.12.4.1}{\376\377\0009\000.\0001\0002\000.\0004\000.\0001\000\040\000D\000e\000s\000c\000r\000i\000p\000c\000i\000o\000n}{subsection.9.12.4}% 160
\BOOKMARK [3][-]{subsubsection.9.12.4.2}{\376\377\0009\000.\0001\0002\000.\0004\000.\0002\000\040\000N\000o\000m\000b\000r\000e}{subsection.9.12.4}% 161
\BOOKMARK [1][-]{section.9.13}{\376\377\0009\000.\0001\0003\000\040\000L\000i\000b\000r\000a\000r\000y\000.\000B\000o\000t\000C\000o\000r\000e\000.\000C\000o\000m\000a\000n\000d\000o\000s\000.\000C\000r\000e\000a\000r\000E\000t\000i\000q\000u\000e\000t\000a\000U\000s\000u\000a\000r\000i\000o\000\040\000C\000l\000a\000s\000s\000\040\000R\000e\000f\000e\000r\000e\000n\000c\000e}{chapter.9}% 162
\BOOKMARK [2][-]{subsection.9.13.1}{\376\377\0009\000.\0001\0003\000.\0001\000\040\000D\000e\000t\000a\000i\000l\000e\000d\000\040\000D\000e\000s\000c\000r\000i\000p\000t\000i\000o\000n}{section.9.13}% 163
\BOOKMARK [2][-]{subsection.9.13.2}{\376\377\0009\000.\0001\0003\000.\0002\000\040\000C\000o\000n\000s\000t\000r\000u\000c\000t\000o\000r\000\040\000\046\000\040\000D\000e\000s\000t\000r\000u\000c\000t\000o\000r\000\040\000D\000o\000c\000u\000m\000e\000n\000t\000a\000t\000i\000o\000n}{section.9.13}% 164
\BOOKMARK [3][-]{subsubsection.9.13.2.1}{\376\377\0009\000.\0001\0003\000.\0002\000.\0001\000\040\000C\000r\000e\000a\000r\000E\000t\000i\000q\000u\000e\000t\000a\000U\000s\000u\000a\000r\000i\000o\000\050\000\051}{subsection.9.13.2}% 165
\BOOKMARK [2][-]{subsection.9.13.3}{\376\377\0009\000.\0001\0003\000.\0003\000\040\000M\000e\000m\000b\000e\000r\000\040\000F\000u\000n\000c\000t\000i\000o\000n\000\040\000D\000o\000c\000u\000m\000e\000n\000t\000a\000t\000i\000o\000n}{section.9.13}% 166
\BOOKMARK [3][-]{subsubsection.9.13.3.1}{\376\377\0009\000.\0001\0003\000.\0003\000.\0001\000\040\000E\000j\000e\000c\000u\000t\000a\000r\000\050\000\051}{subsection.9.13.3}% 167
\BOOKMARK [2][-]{subsection.9.13.4}{\376\377\0009\000.\0001\0003\000.\0004\000\040\000P\000r\000o\000p\000e\000r\000t\000y\000\040\000D\000o\000c\000u\000m\000e\000n\000t\000a\000t\000i\000o\000n}{section.9.13}% 168
\BOOKMARK [3][-]{subsubsection.9.13.4.1}{\376\377\0009\000.\0001\0003\000.\0004\000.\0001\000\040\000D\000e\000s\000c\000r\000i\000p\000c\000i\000o\000n}{subsection.9.13.4}% 169
\BOOKMARK [3][-]{subsubsection.9.13.4.2}{\376\377\0009\000.\0001\0003\000.\0004\000.\0002\000\040\000N\000o\000m\000b\000r\000e}{subsection.9.13.4}% 170
\BOOKMARK [1][-]{section.9.14}{\376\377\0009\000.\0001\0004\000\040\000L\000i\000b\000r\000a\000r\000y\000.\000B\000o\000t\000C\000o\000r\000e\000.\000C\000o\000m\000a\000n\000d\000o\000s\000.\000C\000r\000e\000a\000r\000U\000s\000u\000a\000r\000i\000o\000A\000d\000m\000i\000n\000\040\000C\000l\000a\000s\000s\000\040\000R\000e\000f\000e\000r\000e\000n\000c\000e}{chapter.9}% 171
\BOOKMARK [2][-]{subsection.9.14.1}{\376\377\0009\000.\0001\0004\000.\0001\000\040\000D\000e\000t\000a\000i\000l\000e\000d\000\040\000D\000e\000s\000c\000r\000i\000p\000t\000i\000o\000n}{section.9.14}% 172
\BOOKMARK [2][-]{subsection.9.14.2}{\376\377\0009\000.\0001\0004\000.\0002\000\040\000C\000o\000n\000s\000t\000r\000u\000c\000t\000o\000r\000\040\000\046\000\040\000D\000e\000s\000t\000r\000u\000c\000t\000o\000r\000\040\000D\000o\000c\000u\000m\000e\000n\000t\000a\000t\000i\000o\000n}{section.9.14}% 173
\BOOKMARK [3][-]{subsubsection.9.14.2.1}{\376\377\0009\000.\0001\0004\000.\0002\000.\0001\000\040\000C\000r\000e\000a\000r\000U\000s\000u\000a\000r\000i\000o\000A\000d\000m\000i\000n\000\050\000\051}{subsection.9.14.2}% 174
\BOOKMARK [2][-]{subsection.9.14.3}{\376\377\0009\000.\0001\0004\000.\0003\000\040\000M\000e\000m\000b\000e\000r\000\040\000F\000u\000n\000c\000t\000i\000o\000n\000\040\000D\000o\000c\000u\000m\000e\000n\000t\000a\000t\000i\000o\000n}{section.9.14}% 175
\BOOKMARK [3][-]{subsubsection.9.14.3.1}{\376\377\0009\000.\0001\0004\000.\0003\000.\0001\000\040\000E\000j\000e\000c\000u\000t\000a\000r\000\050\000\051}{subsection.9.14.3}% 176
\BOOKMARK [2][-]{subsection.9.14.4}{\376\377\0009\000.\0001\0004\000.\0004\000\040\000P\000r\000o\000p\000e\000r\000t\000y\000\040\000D\000o\000c\000u\000m\000e\000n\000t\000a\000t\000i\000o\000n}{section.9.14}% 177
\BOOKMARK [3][-]{subsubsection.9.14.4.1}{\376\377\0009\000.\0001\0004\000.\0004\000.\0001\000\040\000D\000e\000s\000c\000r\000i\000p\000c\000i\000o\000n}{subsection.9.14.4}% 178
\BOOKMARK [3][-]{subsubsection.9.14.4.2}{\376\377\0009\000.\0001\0004\000.\0004\000.\0002\000\040\000N\000o\000m\000b\000r\000e}{subsection.9.14.4}% 179
\BOOKMARK [1][-]{section.9.15}{\376\377\0009\000.\0001\0005\000\040\000L\000i\000b\000r\000a\000r\000y\000.\000B\000o\000t\000C\000o\000r\000e\000.\000C\000o\000m\000a\000n\000d\000o\000s\000.\000C\000r\000e\000a\000r\000V\000e\000n\000d\000e\000d\000o\000r\000U\000s\000u\000a\000r\000i\000o\000\040\000C\000l\000a\000s\000s\000\040\000R\000e\000f\000e\000r\000e\000n\000c\000e}{chapter.9}% 180
\BOOKMARK [2][-]{subsection.9.15.1}{\376\377\0009\000.\0001\0005\000.\0001\000\040\000D\000e\000t\000a\000i\000l\000e\000d\000\040\000D\000e\000s\000c\000r\000i\000p\000t\000i\000o\000n}{section.9.15}% 181
\BOOKMARK [2][-]{subsection.9.15.2}{\376\377\0009\000.\0001\0005\000.\0002\000\040\000C\000o\000n\000s\000t\000r\000u\000c\000t\000o\000r\000\040\000\046\000\040\000D\000e\000s\000t\000r\000u\000c\000t\000o\000r\000\040\000D\000o\000c\000u\000m\000e\000n\000t\000a\000t\000i\000o\000n}{section.9.15}% 182
\BOOKMARK [3][-]{subsubsection.9.15.2.1}{\376\377\0009\000.\0001\0005\000.\0002\000.\0001\000\040\000C\000r\000e\000a\000r\000V\000e\000n\000d\000e\000d\000o\000r\000U\000s\000u\000a\000r\000i\000o\000\050\000\051}{subsection.9.15.2}% 183
\BOOKMARK [2][-]{subsection.9.15.3}{\376\377\0009\000.\0001\0005\000.\0003\000\040\000M\000e\000m\000b\000e\000r\000\040\000F\000u\000n\000c\000t\000i\000o\000n\000\040\000D\000o\000c\000u\000m\000e\000n\000t\000a\000t\000i\000o\000n}{section.9.15}% 184
\BOOKMARK [3][-]{subsubsection.9.15.3.1}{\376\377\0009\000.\0001\0005\000.\0003\000.\0001\000\040\000E\000j\000e\000c\000u\000t\000a\000r\000\050\000\051}{subsection.9.15.3}% 185
\BOOKMARK [2][-]{subsection.9.15.4}{\376\377\0009\000.\0001\0005\000.\0004\000\040\000P\000r\000o\000p\000e\000r\000t\000y\000\040\000D\000o\000c\000u\000m\000e\000n\000t\000a\000t\000i\000o\000n}{section.9.15}% 186
\BOOKMARK [3][-]{subsubsection.9.15.4.1}{\376\377\0009\000.\0001\0005\000.\0004\000.\0001\000\040\000D\000e\000s\000c\000r\000i\000p\000c\000i\000o\000n}{subsection.9.15.4}% 187
\BOOKMARK [3][-]{subsubsection.9.15.4.2}{\376\377\0009\000.\0001\0005\000.\0004\000.\0002\000\040\000N\000o\000m\000b\000r\000e}{subsection.9.15.4}% 188
\BOOKMARK [1][-]{section.9.16}{\376\377\0009\000.\0001\0006\000\040\000L\000i\000b\000r\000a\000r\000y\000.\000P\000u\000e\000n\000t\000e\000D\000i\000s\000c\000o\000r\000d\000.\000D\000i\000s\000c\000o\000r\000d\000M\000e\000s\000s\000a\000g\000e\000C\000o\000n\000t\000e\000x\000t\000\040\000C\000l\000a\000s\000s\000\040\000R\000e\000f\000e\000r\000e\000n\000c\000e}{chapter.9}% 189
\BOOKMARK [2][-]{subsection.9.16.1}{\376\377\0009\000.\0001\0006\000.\0001\000\040\000D\000e\000t\000a\000i\000l\000e\000d\000\040\000D\000e\000s\000c\000r\000i\000p\000t\000i\000o\000n}{section.9.16}% 190
\BOOKMARK [2][-]{subsection.9.16.2}{\376\377\0009\000.\0001\0006\000.\0002\000\040\000C\000o\000n\000s\000t\000r\000u\000c\000t\000o\000r\000\040\000\046\000\040\000D\000e\000s\000t\000r\000u\000c\000t\000o\000r\000\040\000D\000o\000c\000u\000m\000e\000n\000t\000a\000t\000i\000o\000n}{section.9.16}% 191
\BOOKMARK [3][-]{subsubsection.9.16.2.1}{\376\377\0009\000.\0001\0006\000.\0002\000.\0001\000\040\000D\000i\000s\000c\000o\000r\000d\000M\000e\000s\000s\000a\000g\000e\000C\000o\000n\000t\000e\000x\000t\000\050\000\051}{subsection.9.16.2}% 192
\BOOKMARK [2][-]{subsection.9.16.3}{\376\377\0009\000.\0001\0006\000.\0003\000\040\000M\000e\000m\000b\000e\000r\000\040\000F\000u\000n\000c\000t\000i\000o\000n\000\040\000D\000o\000c\000u\000m\000e\000n\000t\000a\000t\000i\000o\000n}{section.9.16}% 193
\BOOKMARK [3][-]{subsubsection.9.16.3.1}{\376\377\0009\000.\0001\0006\000.\0003\000.\0001\000\040\000E\000n\000v\000i\000a\000r\000M\000e\000n\000s\000a\000j\000e\000\050\000\051}{subsection.9.16.3}% 194
\BOOKMARK [3][-]{subsubsection.9.16.3.2}{\376\377\0009\000.\0001\0006\000.\0003\000.\0002\000\040\000E\000s\000p\000e\000r\000a\000r\000R\000e\000s\000p\000u\000e\000s\000t\000a\000\050\000\051}{subsection.9.16.3}% 195
\BOOKMARK [3][-]{subsubsection.9.16.3.3}{\376\377\0009\000.\0001\0006\000.\0003\000.\0003\000\040\000R\000e\000c\000i\000b\000i\000r\000M\000e\000n\000s\000a\000j\000e\000\050\000\051}{subsection.9.16.3}% 196
\BOOKMARK [2][-]{subsection.9.16.4}{\376\377\0009\000.\0001\0006\000.\0004\000\040\000P\000r\000o\000p\000e\000r\000t\000y\000\040\000D\000o\000c\000u\000m\000e\000n\000t\000a\000t\000i\000o\000n}{section.9.16}% 197
\BOOKMARK [3][-]{subsubsection.9.16.4.1}{\376\377\0009\000.\0001\0006\000.\0004\000.\0001\000\040\000U\000s\000e\000r\000I\000d}{subsection.9.16.4}% 198
\BOOKMARK [3][-]{subsubsection.9.16.4.2}{\376\377\0009\000.\0001\0006\000.\0004\000.\0002\000\040\000U\000s\000u\000a\000r\000i\000o\000I\000d}{subsection.9.16.4}% 199
\BOOKMARK [3][-]{subsubsection.9.16.4.3}{\376\377\0009\000.\0001\0006\000.\0004\000.\0003\000\040\000U\000s\000u\000a\000r\000i\000o\000N\000o\000m\000b\000r\000e}{subsection.9.16.4}% 200
\BOOKMARK [1][-]{section.9.17}{\376\377\0009\000.\0001\0007\000\040\000L\000i\000b\000r\000a\000r\000y\000.\000B\000o\000t\000C\000o\000r\000e\000.\000C\000o\000m\000a\000n\000d\000o\000s\000.\000E\000l\000i\000m\000i\000n\000a\000r\000C\000l\000i\000e\000n\000t\000e\000U\000s\000u\000a\000r\000i\000o\000\040\000C\000l\000a\000s\000s\000\040\000R\000e\000f\000e\000r\000e\000n\000c\000e}{chapter.9}% 201
\BOOKMARK [2][-]{subsection.9.17.1}{\376\377\0009\000.\0001\0007\000.\0001\000\040\000D\000e\000t\000a\000i\000l\000e\000d\000\040\000D\000e\000s\000c\000r\000i\000p\000t\000i\000o\000n}{section.9.17}% 202
\BOOKMARK [2][-]{subsection.9.17.2}{\376\377\0009\000.\0001\0007\000.\0002\000\040\000C\000o\000n\000s\000t\000r\000u\000c\000t\000o\000r\000\040\000\046\000\040\000D\000e\000s\000t\000r\000u\000c\000t\000o\000r\000\040\000D\000o\000c\000u\000m\000e\000n\000t\000a\000t\000i\000o\000n}{section.9.17}% 203
\BOOKMARK [3][-]{subsubsection.9.17.2.1}{\376\377\0009\000.\0001\0007\000.\0002\000.\0001\000\040\000E\000l\000i\000m\000i\000n\000a\000r\000C\000l\000i\000e\000n\000t\000e\000U\000s\000u\000a\000r\000i\000o\000\050\000\051}{subsection.9.17.2}% 204
\BOOKMARK [2][-]{subsection.9.17.3}{\376\377\0009\000.\0001\0007\000.\0003\000\040\000M\000e\000m\000b\000e\000r\000\040\000F\000u\000n\000c\000t\000i\000o\000n\000\040\000D\000o\000c\000u\000m\000e\000n\000t\000a\000t\000i\000o\000n}{section.9.17}% 205
\BOOKMARK [3][-]{subsubsection.9.17.3.1}{\376\377\0009\000.\0001\0007\000.\0003\000.\0001\000\040\000E\000j\000e\000c\000u\000t\000a\000r\000\050\000\051}{subsection.9.17.3}% 206
\BOOKMARK [2][-]{subsection.9.17.4}{\376\377\0009\000.\0001\0007\000.\0004\000\040\000P\000r\000o\000p\000e\000r\000t\000y\000\040\000D\000o\000c\000u\000m\000e\000n\000t\000a\000t\000i\000o\000n}{section.9.17}% 207
\BOOKMARK [3][-]{subsubsection.9.17.4.1}{\376\377\0009\000.\0001\0007\000.\0004\000.\0001\000\040\000D\000e\000s\000c\000r\000i\000p\000c\000i\000o\000n}{subsection.9.17.4}% 208
\BOOKMARK [3][-]{subsubsection.9.17.4.2}{\376\377\0009\000.\0001\0007\000.\0004\000.\0002\000\040\000N\000o\000m\000b\000r\000e}{subsection.9.17.4}% 209
\BOOKMARK [1][-]{section.9.18}{\376\377\0009\000.\0001\0008\000\040\000L\000i\000b\000r\000a\000r\000y\000.\000B\000o\000t\000C\000o\000r\000e\000.\000C\000o\000m\000a\000n\000d\000o\000s\000.\000E\000l\000i\000m\000i\000n\000a\000r\000U\000s\000u\000a\000r\000i\000o\000A\000d\000m\000i\000n\000\040\000C\000l\000a\000s\000s\000\040\000R\000e\000f\000e\000r\000e\000n\000c\000e}{chapter.9}% 210
\BOOKMARK [2][-]{subsection.9.18.1}{\376\377\0009\000.\0001\0008\000.\0001\000\040\000D\000e\000t\000a\000i\000l\000e\000d\000\040\000D\000e\000s\000c\000r\000i\000p\000t\000i\000o\000n}{section.9.18}% 211
\BOOKMARK [2][-]{subsection.9.18.2}{\376\377\0009\000.\0001\0008\000.\0002\000\040\000C\000o\000n\000s\000t\000r\000u\000c\000t\000o\000r\000\040\000\046\000\040\000D\000e\000s\000t\000r\000u\000c\000t\000o\000r\000\040\000D\000o\000c\000u\000m\000e\000n\000t\000a\000t\000i\000o\000n}{section.9.18}% 212
\BOOKMARK [3][-]{subsubsection.9.18.2.1}{\376\377\0009\000.\0001\0008\000.\0002\000.\0001\000\040\000E\000l\000i\000m\000i\000n\000a\000r\000U\000s\000u\000a\000r\000i\000o\000A\000d\000m\000i\000n\000\050\000\051}{subsection.9.18.2}% 213
\BOOKMARK [2][-]{subsection.9.18.3}{\376\377\0009\000.\0001\0008\000.\0003\000\040\000M\000e\000m\000b\000e\000r\000\040\000F\000u\000n\000c\000t\000i\000o\000n\000\040\000D\000o\000c\000u\000m\000e\000n\000t\000a\000t\000i\000o\000n}{section.9.18}% 214
\BOOKMARK [3][-]{subsubsection.9.18.3.1}{\376\377\0009\000.\0001\0008\000.\0003\000.\0001\000\040\000E\000j\000e\000c\000u\000t\000a\000r\000\050\000\051}{subsection.9.18.3}% 215
\BOOKMARK [2][-]{subsection.9.18.4}{\376\377\0009\000.\0001\0008\000.\0004\000\040\000P\000r\000o\000p\000e\000r\000t\000y\000\040\000D\000o\000c\000u\000m\000e\000n\000t\000a\000t\000i\000o\000n}{section.9.18}% 216
\BOOKMARK [3][-]{subsubsection.9.18.4.1}{\376\377\0009\000.\0001\0008\000.\0004\000.\0001\000\040\000D\000e\000s\000c\000r\000i\000p\000c\000i\000o\000n}{subsection.9.18.4}% 217
\BOOKMARK [3][-]{subsubsection.9.18.4.2}{\376\377\0009\000.\0001\0008\000.\0004\000.\0002\000\040\000N\000o\000m\000b\000r\000e}{subsection.9.18.4}% 218
\BOOKMARK [1][-]{section.9.19}{\376\377\0009\000.\0001\0009\000\040\000L\000i\000b\000r\000a\000r\000y\000.\000C\000l\000a\000s\000e\000s\000\137\000t\000i\000p\000o\000s\000.\000E\000m\000a\000i\000l\000\040\000C\000l\000a\000s\000s\000\040\000R\000e\000f\000e\000r\000e\000n\000c\000e}{chapter.9}% 219
\BOOKMARK [2][-]{subsection.9.19.1}{\376\377\0009\000.\0001\0009\000.\0001\000\040\000D\000e\000t\000a\000i\000l\000e\000d\000\040\000D\000e\000s\000c\000r\000i\000p\000t\000i\000o\000n}{section.9.19}% 220
\BOOKMARK [2][-]{subsection.9.19.2}{\376\377\0009\000.\0001\0009\000.\0002\000\040\000M\000e\000m\000b\000e\000r\000\040\000F\000u\000n\000c\000t\000i\000o\000n\000\040\000D\000o\000c\000u\000m\000e\000n\000t\000a\000t\000i\000o\000n}{section.9.19}% 221
\BOOKMARK [3][-]{subsubsection.9.19.2.1}{\376\377\0009\000.\0001\0009\000.\0002\000.\0001\000\040\000A\000g\000r\000e\000g\000a\000r\000D\000e\000s\000c\000r\000i\000p\000c\000i\000o\000n\000\050\000\051}{subsection.9.19.2}% 222
\BOOKMARK [2][-]{subsection.9.19.3}{\376\377\0009\000.\0001\0009\000.\0003\000\040\000P\000r\000o\000p\000e\000r\000t\000y\000\040\000D\000o\000c\000u\000m\000e\000n\000t\000a\000t\000i\000o\000n}{section.9.19}% 223
\BOOKMARK [3][-]{subsubsection.9.19.3.1}{\376\377\0009\000.\0001\0009\000.\0003\000.\0001\000\040\000D\000e\000s\000c\000r\000i\000p\000c\000i\000o\000n}{subsection.9.19.3}% 224
\BOOKMARK [3][-]{subsubsection.9.19.3.2}{\376\377\0009\000.\0001\0009\000.\0003\000.\0002\000\040\000F\000e\000c\000h\000a}{subsection.9.19.3}% 225
\BOOKMARK [3][-]{subsubsection.9.19.3.3}{\376\377\0009\000.\0001\0009\000.\0003\000.\0003\000\040\000T\000e\000x\000t\000o}{subsection.9.19.3}% 226
\BOOKMARK [1][-]{section.9.20}{\376\377\0009\000.\0002\0000\000\040\000L\000i\000b\000r\000a\000r\000y\000.\000C\000l\000a\000s\000e\000s\000\137\000t\000i\000p\000o\000s\000.\000E\000m\000a\000i\000l\000s\000\040\000C\000l\000a\000s\000s\000\040\000R\000e\000f\000e\000r\000e\000n\000c\000e}{chapter.9}% 227
\BOOKMARK [2][-]{subsection.9.20.1}{\376\377\0009\000.\0002\0000\000.\0001\000\040\000D\000e\000t\000a\000i\000l\000e\000d\000\040\000D\000e\000s\000c\000r\000i\000p\000t\000i\000o\000n}{section.9.20}% 228
\BOOKMARK [2][-]{subsection.9.20.2}{\376\377\0009\000.\0002\0000\000.\0002\000\040\000M\000e\000m\000b\000e\000r\000\040\000F\000u\000n\000c\000t\000i\000o\000n\000\040\000D\000o\000c\000u\000m\000e\000n\000t\000a\000t\000i\000o\000n}{section.9.20}% 229
\BOOKMARK [3][-]{subsubsection.9.20.2.1}{\376\377\0009\000.\0002\0000\000.\0002\000.\0001\000\040\000A\000g\000r\000e\000g\000a\000r\000A\000s\000u\000n\000t\000o\000\050\000\051}{subsection.9.20.2}% 230
\BOOKMARK [3][-]{subsubsection.9.20.2.2}{\376\377\0009\000.\0002\0000\000.\0002\000.\0002\000\040\000A\000g\000r\000e\000g\000a\000r\000D\000e\000s\000c\000r\000i\000p\000c\000i\000o\000n\000\050\000\051}{subsection.9.20.2}% 231
\BOOKMARK [3][-]{subsubsection.9.20.2.3}{\376\377\0009\000.\0002\0000\000.\0002\000.\0003\000\040\000A\000g\000r\000e\000g\000a\000r\000E\000n\000v\000i\000a\000d\000o\000s\000\050\000\051}{subsection.9.20.2}% 232
\BOOKMARK [3][-]{subsubsection.9.20.2.4}{\376\377\0009\000.\0002\0000\000.\0002\000.\0004\000\040\000A\000g\000r\000e\000g\000a\000r\000R\000e\000c\000i\000b\000i\000d\000o\000s\000\050\000\051}{subsection.9.20.2}% 233
\BOOKMARK [2][-]{subsection.9.20.3}{\376\377\0009\000.\0002\0000\000.\0003\000\040\000P\000r\000o\000p\000e\000r\000t\000y\000\040\000D\000o\000c\000u\000m\000e\000n\000t\000a\000t\000i\000o\000n}{section.9.20}% 234
\BOOKMARK [3][-]{subsubsection.9.20.3.1}{\376\377\0009\000.\0002\0000\000.\0003\000.\0001\000\040\000A\000s\000u\000n\000t\000o}{subsection.9.20.3}% 235
\BOOKMARK [3][-]{subsubsection.9.20.3.2}{\376\377\0009\000.\0002\0000\000.\0003\000.\0002\000\040\000D\000e\000s\000c\000r\000i\000p\000c\000i\000o\000n}{subsection.9.20.3}% 236
\BOOKMARK [3][-]{subsubsection.9.20.3.3}{\376\377\0009\000.\0002\0000\000.\0003\000.\0003\000\040\000E\000n\000v\000i\000a\000d\000o\000s}{subsection.9.20.3}% 237
\BOOKMARK [3][-]{subsubsection.9.20.3.4}{\376\377\0009\000.\0002\0000\000.\0003\000.\0004\000\040\000R\000e\000c\000i\000b\000i\000d\000o\000s}{subsection.9.20.3}% 238
\BOOKMARK [1][-]{section.9.21}{\376\377\0009\000.\0002\0001\000\040\000L\000i\000b\000r\000a\000r\000y\000.\000F\000a\000c\000h\000a\000d\000a\000s\000.\000F\000a\000c\000h\000a\000d\000a\000\040\000C\000l\000a\000s\000s\000\040\000R\000e\000f\000e\000r\000e\000n\000c\000e}{chapter.9}% 239
\BOOKMARK [2][-]{subsection.9.21.1}{\376\377\0009\000.\0002\0001\000.\0001\000\040\000D\000e\000t\000a\000i\000l\000e\000d\000\040\000D\000e\000s\000c\000r\000i\000p\000t\000i\000o\000n}{section.9.21}% 240
\BOOKMARK [1][-]{section.9.22}{\376\377\0009\000.\0002\0002\000\040\000L\000i\000b\000r\000a\000r\000y\000.\000F\000a\000c\000h\000a\000d\000a\000s\000.\000F\000a\000c\000h\000a\000d\000a\000R\000e\000g\000i\000s\000t\000r\000o\000\040\000C\000l\000a\000s\000s\000\040\000R\000e\000f\000e\000r\000e\000n\000c\000e}{chapter.9}% 241
\BOOKMARK [2][-]{subsection.9.22.1}{\376\377\0009\000.\0002\0002\000.\0001\000\040\000C\000o\000n\000s\000t\000r\000u\000c\000t\000o\000r\000\040\000\046\000\040\000D\000e\000s\000t\000r\000u\000c\000t\000o\000r\000\040\000D\000o\000c\000u\000m\000e\000n\000t\000a\000t\000i\000o\000n}{section.9.22}% 242
\BOOKMARK [3][-]{subsubsection.9.22.1.1}{\376\377\0009\000.\0002\0002\000.\0001\000.\0001\000\040\000F\000a\000c\000h\000a\000d\000a\000R\000e\000g\000i\000s\000t\000r\000o\000\050\000\051}{subsection.9.22.1}% 243
\BOOKMARK [2][-]{subsection.9.22.2}{\376\377\0009\000.\0002\0002\000.\0002\000\040\000M\000e\000m\000b\000e\000r\000\040\000F\000u\000n\000c\000t\000i\000o\000n\000\040\000D\000o\000c\000u\000m\000e\000n\000t\000a\000t\000i\000o\000n}{section.9.22}% 244
\BOOKMARK [3][-]{subsubsection.9.22.2.1}{\376\377\0009\000.\0002\0002\000.\0002\000.\0001\000\040\000B\000u\000s\000c\000a\000r\000C\000l\000i\000e\000n\000t\000e\000s\000\050\000\051}{subsection.9.22.2}% 245
\BOOKMARK [3][-]{subsubsection.9.22.2.2}{\376\377\0009\000.\0002\0002\000.\0002\000.\0002\000\040\000C\000r\000e\000a\000r\000C\000l\000i\000e\000n\000t\000e\000\050\000\051}{subsection.9.22.2}% 246
\BOOKMARK [3][-]{subsubsection.9.22.2.3}{\376\377\0009\000.\0002\0002\000.\0002\000.\0003\000\040\000C\000r\000e\000a\000r\000U\000s\000u\000a\000r\000i\000o\000\050\000\051}{subsection.9.22.2}% 247
\BOOKMARK [3][-]{subsubsection.9.22.2.4}{\376\377\0009\000.\0002\0002\000.\0002\000.\0004\000\040\000C\000r\000e\000a\000r\000V\000e\000n\000d\000e\000d\000o\000r\000\050\000\051}{subsection.9.22.2}% 248
\BOOKMARK [3][-]{subsubsection.9.22.2.5}{\376\377\0009\000.\0002\0002\000.\0002\000.\0005\000\040\000E\000l\000i\000m\000i\000n\000a\000r\000C\000l\000i\000e\000n\000t\000e\000\050\000\051}{subsection.9.22.2}% 249
\BOOKMARK [3][-]{subsubsection.9.22.2.6}{\376\377\0009\000.\0002\0002\000.\0002\000.\0006\000\040\000E\000l\000i\000m\000i\000n\000a\000r\000U\000s\000u\000a\000r\000i\000o\000\050\000\051}{subsection.9.22.2}% 250
\BOOKMARK [3][-]{subsubsection.9.22.2.7}{\376\377\0009\000.\0002\0002\000.\0002\000.\0007\000\040\000E\000l\000i\000m\000i\000n\000a\000r\000U\000s\000u\000a\000r\000i\000o\000P\000o\000r\000I\000d\000\050\000\051}{subsection.9.22.2}% 251
\BOOKMARK [3][-]{subsubsection.9.22.2.8}{\376\377\0009\000.\0002\0002\000.\0002\000.\0008\000\040\000L\000i\000s\000t\000a\000r\000C\000l\000i\000e\000n\000t\000e\000s\000\050\000\051}{subsection.9.22.2}% 252
\BOOKMARK [3][-]{subsubsection.9.22.2.9}{\376\377\0009\000.\0002\0002\000.\0002\000.\0009\000\040\000L\000o\000g\000i\000n\000A\000d\000m\000i\000n\000i\000s\000t\000r\000a\000d\000o\000r\000\050\000\051}{subsection.9.22.2}% 253
\BOOKMARK [3][-]{subsubsection.9.22.2.10}{\376\377\0009\000.\0002\0002\000.\0002\000.\0001\0000\000\040\000L\000o\000g\000i\000n\000U\000s\000u\000a\000r\000i\000o\000\050\000\051}{subsection.9.22.2}% 254
\BOOKMARK [3][-]{subsubsection.9.22.2.11}{\376\377\0009\000.\0002\0002\000.\0002\000.\0001\0001\000\040\000L\000o\000g\000i\000n\000V\000e\000n\000d\000e\000d\000o\000r\000\050\000\051}{subsection.9.22.2}% 255
\BOOKMARK [3][-]{subsubsection.9.22.2.12}{\376\377\0009\000.\0002\0002\000.\0002\000.\0001\0002\000\040\000M\000o\000d\000i\000f\000i\000c\000a\000r\000C\000l\000i\000e\000n\000t\000e\000\050\000\051}{subsection.9.22.2}% 256
\BOOKMARK [3][-]{subsubsection.9.22.2.13}{\376\377\0009\000.\0002\0002\000.\0002\000.\0001\0003\000\040\000O\000b\000t\000e\000n\000e\000r\000P\000a\000n\000e\000l\000R\000e\000s\000u\000m\000e\000n\000\050\000\051}{subsection.9.22.2}% 257
\BOOKMARK [3][-]{subsubsection.9.22.2.14}{\376\377\0009\000.\0002\0002\000.\0002\000.\0001\0004\000\040\000O\000b\000t\000e\000n\000e\000r\000T\000o\000t\000a\000l\000V\000e\000n\000t\000a\000s\000P\000o\000r\000P\000e\000r\000i\000o\000d\000o\000\050\000\051}{subsection.9.22.2}% 258
\BOOKMARK [3][-]{subsubsection.9.22.2.15}{\376\377\0009\000.\0002\0002\000.\0002\000.\0001\0005\000\040\000S\000u\000s\000p\000e\000n\000d\000e\000r\000U\000s\000u\000a\000r\000i\000o\000\050\000\051}{subsection.9.22.2}% 259
\BOOKMARK [2][-]{subsection.9.22.3}{\376\377\0009\000.\0002\0002\000.\0003\000\040\000M\000e\000m\000b\000e\000r\000\040\000D\000a\000t\000a\000\040\000D\000o\000c\000u\000m\000e\000n\000t\000a\000t\000i\000o\000n}{section.9.22}% 260
\BOOKMARK [3][-]{subsubsection.9.22.3.1}{\376\377\0009\000.\0002\0002\000.\0003\000.\0001\000\040\000V\000e\000n\000d\000e\000d\000o\000r\000e\000s}{subsection.9.22.3}% 261
\BOOKMARK [1][-]{section.9.23}{\376\377\0009\000.\0002\0003\000\040\000L\000i\000b\000r\000a\000r\000y\000.\000T\000e\000s\000t\000s\000.\000F\000a\000c\000h\000a\000d\000a\000R\000e\000g\000i\000s\000t\000r\000o\000T\000e\000s\000t\000\040\000C\000l\000a\000s\000s\000\040\000R\000e\000f\000e\000r\000e\000n\000c\000e}{chapter.9}% 262
\BOOKMARK [2][-]{subsection.9.23.1}{\376\377\0009\000.\0002\0003\000.\0001\000\040\000D\000e\000t\000a\000i\000l\000e\000d\000\040\000D\000e\000s\000c\000r\000i\000p\000t\000i\000o\000n}{section.9.23}% 263
\BOOKMARK [2][-]{subsection.9.23.2}{\376\377\0009\000.\0002\0003\000.\0002\000\040\000M\000e\000m\000b\000e\000r\000\040\000F\000u\000n\000c\000t\000i\000o\000n\000\040\000D\000o\000c\000u\000m\000e\000n\000t\000a\000t\000i\000o\000n}{section.9.23}% 264
\BOOKMARK [3][-]{subsubsection.9.23.2.1}{\376\377\0009\000.\0002\0003\000.\0002\000.\0001\000\040\000C\000r\000e\000a\000r\000C\000l\000i\000e\000n\000t\000e\000\137\000D\000e\000s\000d\000e\000F\000a\000c\000h\000a\000d\000a\000\050\000\051}{subsection.9.23.2}% 265
\BOOKMARK [3][-]{subsubsection.9.23.2.2}{\376\377\0009\000.\0002\0003\000.\0002\000.\0002\000\040\000C\000r\000e\000a\000r\000U\000s\000u\000a\000r\000i\000o\000\050\000\051}{subsection.9.23.2}% 266
\BOOKMARK [3][-]{subsubsection.9.23.2.3}{\376\377\0009\000.\0002\0003\000.\0002\000.\0003\000\040\000E\000l\000i\000m\000i\000n\000a\000r\000U\000s\000u\000a\000r\000i\000o\000\050\000\051}{subsection.9.23.2}% 267
\BOOKMARK [3][-]{subsubsection.9.23.2.4}{\376\377\0009\000.\0002\0003\000.\0002\000.\0004\000\040\000E\000l\000i\000m\000i\000n\000a\000r\000U\000s\000u\000a\000r\000i\000o\000\137\000S\000i\000N\000o\000E\000x\000i\000s\000t\000e\000\050\000\051}{subsection.9.23.2}% 268
\BOOKMARK [3][-]{subsubsection.9.23.2.5}{\376\377\0009\000.\0002\0003\000.\0002\000.\0005\000\040\000O\000b\000t\000e\000n\000e\000r\000T\000o\000t\000a\000l\000V\000e\000n\000t\000a\000s\000P\000o\000r\000P\000e\000r\000i\000o\000d\000o\000\137\000D\000e\000s\000d\000e\000F\000a\000c\000h\000a\000d\000a\000\050\000\051}{subsection.9.23.2}% 269
\BOOKMARK [3][-]{subsubsection.9.23.2.6}{\376\377\0009\000.\0002\0003\000.\0002\000.\0006\000\040\000S\000e\000t\000u\000p\000\050\000\051}{subsection.9.23.2}% 270
\BOOKMARK [1][-]{section.9.24}{\376\377\0009\000.\0002\0004\000\040\000L\000i\000b\000r\000a\000r\000y\000.\000B\000o\000t\000C\000o\000r\000e\000.\000I\000n\000t\000e\000r\000f\000a\000c\000e\000s\000.\000I\000B\000o\000t\000C\000o\000m\000m\000a\000n\000d\000\040\000I\000n\000t\000e\000r\000f\000a\000c\000e\000\040\000R\000e\000f\000e\000r\000e\000n\000c\000e}{chapter.9}% 271
\BOOKMARK [2][-]{subsection.9.24.1}{\376\377\0009\000.\0002\0004\000.\0001\000\040\000D\000e\000t\000a\000i\000l\000e\000d\000\040\000D\000e\000s\000c\000r\000i\000p\000t\000i\000o\000n}{section.9.24}% 272
\BOOKMARK [2][-]{subsection.9.24.2}{\376\377\0009\000.\0002\0004\000.\0002\000\040\000M\000e\000m\000b\000e\000r\000\040\000F\000u\000n\000c\000t\000i\000o\000n\000\040\000D\000o\000c\000u\000m\000e\000n\000t\000a\000t\000i\000o\000n}{section.9.24}% 273
\BOOKMARK [3][-]{subsubsection.9.24.2.1}{\376\377\0009\000.\0002\0004\000.\0002\000.\0001\000\040\000E\000j\000e\000c\000u\000t\000a\000r\000\050\000\051}{subsection.9.24.2}% 274
\BOOKMARK [2][-]{subsection.9.24.3}{\376\377\0009\000.\0002\0004\000.\0003\000\040\000P\000r\000o\000p\000e\000r\000t\000y\000\040\000D\000o\000c\000u\000m\000e\000n\000t\000a\000t\000i\000o\000n}{section.9.24}% 275
\BOOKMARK [3][-]{subsubsection.9.24.3.1}{\376\377\0009\000.\0002\0004\000.\0003\000.\0001\000\040\000D\000e\000s\000c\000r\000i\000p\000c\000i\000o\000n}{subsection.9.24.3}% 276
\BOOKMARK [3][-]{subsubsection.9.24.3.2}{\376\377\0009\000.\0002\0004\000.\0003\000.\0002\000\040\000N\000o\000m\000b\000r\000e}{subsection.9.24.3}% 277
\BOOKMARK [1][-]{section.9.25}{\376\377\0009\000.\0002\0005\000\040\000L\000i\000b\000r\000a\000r\000y\000.\000B\000o\000t\000C\000o\000r\000e\000.\000I\000n\000t\000e\000r\000f\000a\000c\000e\000s\000.\000I\000M\000e\000s\000s\000a\000g\000e\000C\000o\000n\000t\000e\000x\000t\000\040\000I\000n\000t\000e\000r\000f\000a\000c\000e\000\040\000R\000e\000f\000e\000r\000e\000n\000c\000e}{chapter.9}% 278
\BOOKMARK [2][-]{subsection.9.25.1}{\376\377\0009\000.\0002\0005\000.\0001\000\040\000D\000e\000t\000a\000i\000l\000e\000d\000\040\000D\000e\000s\000c\000r\000i\000p\000t\000i\000o\000n}{section.9.25}% 279
\BOOKMARK [2][-]{subsection.9.25.2}{\376\377\0009\000.\0002\0005\000.\0002\000\040\000M\000e\000m\000b\000e\000r\000\040\000F\000u\000n\000c\000t\000i\000o\000n\000\040\000D\000o\000c\000u\000m\000e\000n\000t\000a\000t\000i\000o\000n}{section.9.25}% 280
\BOOKMARK [3][-]{subsubsection.9.25.2.1}{\376\377\0009\000.\0002\0005\000.\0002\000.\0001\000\040\000E\000n\000v\000i\000a\000r\000M\000e\000n\000s\000a\000j\000e\000\050\000\051}{subsection.9.25.2}% 281
\BOOKMARK [3][-]{subsubsection.9.25.2.2}{\376\377\0009\000.\0002\0005\000.\0002\000.\0002\000\040\000E\000s\000p\000e\000r\000a\000r\000R\000e\000s\000p\000u\000e\000s\000t\000a\000\050\000\051}{subsection.9.25.2}% 282
\BOOKMARK [2][-]{subsection.9.25.3}{\376\377\0009\000.\0002\0005\000.\0003\000\040\000P\000r\000o\000p\000e\000r\000t\000y\000\040\000D\000o\000c\000u\000m\000e\000n\000t\000a\000t\000i\000o\000n}{section.9.25}% 283
\BOOKMARK [3][-]{subsubsection.9.25.3.1}{\376\377\0009\000.\0002\0005\000.\0003\000.\0001\000\040\000U\000s\000u\000a\000r\000i\000o\000I\000d}{subsection.9.25.3}% 284
\BOOKMARK [3][-]{subsubsection.9.25.3.2}{\376\377\0009\000.\0002\0005\000.\0003\000.\0002\000\040\000U\000s\000u\000a\000r\000i\000o\000N\000o\000m\000b\000r\000e}{subsection.9.25.3}% 285
\BOOKMARK [1][-]{section.9.26}{\376\377\0009\000.\0002\0006\000\040\000L\000i\000b\000r\000a\000r\000y\000.\000B\000o\000t\000C\000o\000r\000e\000.\000C\000o\000m\000a\000n\000d\000o\000s\000.\000I\000n\000t\000e\000r\000a\000c\000c\000i\000o\000n\000e\000s\000C\000l\000i\000e\000n\000t\000e\000U\000s\000u\000a\000r\000i\000o\000\040\000C\000l\000a\000s\000s\000\040\000R\000e\000f\000e\000r\000e\000n\000c\000e}{chapter.9}% 286
\BOOKMARK [2][-]{subsection.9.26.1}{\376\377\0009\000.\0002\0006\000.\0001\000\040\000D\000e\000t\000a\000i\000l\000e\000d\000\040\000D\000e\000s\000c\000r\000i\000p\000t\000i\000o\000n}{section.9.26}% 287
\BOOKMARK [2][-]{subsection.9.26.2}{\376\377\0009\000.\0002\0006\000.\0002\000\040\000C\000o\000n\000s\000t\000r\000u\000c\000t\000o\000r\000\040\000\046\000\040\000D\000e\000s\000t\000r\000u\000c\000t\000o\000r\000\040\000D\000o\000c\000u\000m\000e\000n\000t\000a\000t\000i\000o\000n}{section.9.26}% 288
\BOOKMARK [3][-]{subsubsection.9.26.2.1}{\376\377\0009\000.\0002\0006\000.\0002\000.\0001\000\040\000I\000n\000t\000e\000r\000a\000c\000c\000i\000o\000n\000e\000s\000C\000l\000i\000e\000n\000t\000e\000U\000s\000u\000a\000r\000i\000o\000\050\000\051}{subsection.9.26.2}% 289
\BOOKMARK [2][-]{subsection.9.26.3}{\376\377\0009\000.\0002\0006\000.\0003\000\040\000M\000e\000m\000b\000e\000r\000\040\000F\000u\000n\000c\000t\000i\000o\000n\000\040\000D\000o\000c\000u\000m\000e\000n\000t\000a\000t\000i\000o\000n}{section.9.26}% 290
\BOOKMARK [3][-]{subsubsection.9.26.3.1}{\376\377\0009\000.\0002\0006\000.\0003\000.\0001\000\040\000E\000j\000e\000c\000u\000t\000a\000r\000\050\000\051}{subsection.9.26.3}% 291
\BOOKMARK [2][-]{subsection.9.26.4}{\376\377\0009\000.\0002\0006\000.\0004\000\040\000P\000r\000o\000p\000e\000r\000t\000y\000\040\000D\000o\000c\000u\000m\000e\000n\000t\000a\000t\000i\000o\000n}{section.9.26}% 292
\BOOKMARK [3][-]{subsubsection.9.26.4.1}{\376\377\0009\000.\0002\0006\000.\0004\000.\0001\000\040\000D\000e\000s\000c\000r\000i\000p\000c\000i\000o\000n}{subsection.9.26.4}% 293
\BOOKMARK [3][-]{subsubsection.9.26.4.2}{\376\377\0009\000.\0002\0006\000.\0004\000.\0002\000\040\000N\000o\000m\000b\000r\000e}{subsection.9.26.4}% 294
\BOOKMARK [1][-]{section.9.27}{\376\377\0009\000.\0002\0007\000\040\000L\000i\000b\000r\000a\000r\000y\000.\000B\000o\000t\000C\000o\000r\000e\000.\000C\000o\000m\000a\000n\000d\000o\000s\000.\000L\000i\000s\000t\000a\000r\000C\000l\000i\000e\000n\000t\000e\000s\000C\000o\000m\000m\000a\000n\000d\000\040\000C\000l\000a\000s\000s\000\040\000R\000e\000f\000e\000r\000e\000n\000c\000e}{chapter.9}% 295
\BOOKMARK [2][-]{subsection.9.27.1}{\376\377\0009\000.\0002\0007\000.\0001\000\040\000D\000e\000t\000a\000i\000l\000e\000d\000\040\000D\000e\000s\000c\000r\000i\000p\000t\000i\000o\000n}{section.9.27}% 296
\BOOKMARK [2][-]{subsection.9.27.2}{\376\377\0009\000.\0002\0007\000.\0002\000\040\000C\000o\000n\000s\000t\000r\000u\000c\000t\000o\000r\000\040\000\046\000\040\000D\000e\000s\000t\000r\000u\000c\000t\000o\000r\000\040\000D\000o\000c\000u\000m\000e\000n\000t\000a\000t\000i\000o\000n}{section.9.27}% 297
\BOOKMARK [3][-]{subsubsection.9.27.2.1}{\376\377\0009\000.\0002\0007\000.\0002\000.\0001\000\040\000L\000i\000s\000t\000a\000r\000C\000l\000i\000e\000n\000t\000e\000s\000C\000o\000m\000m\000a\000n\000d\000\050\000\051}{subsection.9.27.2}% 298
\BOOKMARK [2][-]{subsection.9.27.3}{\376\377\0009\000.\0002\0007\000.\0003\000\040\000M\000e\000m\000b\000e\000r\000\040\000F\000u\000n\000c\000t\000i\000o\000n\000\040\000D\000o\000c\000u\000m\000e\000n\000t\000a\000t\000i\000o\000n}{section.9.27}% 299
\BOOKMARK [3][-]{subsubsection.9.27.3.1}{\376\377\0009\000.\0002\0007\000.\0003\000.\0001\000\040\000E\000j\000e\000c\000u\000t\000a\000r\000\050\000\051}{subsection.9.27.3}% 300
\BOOKMARK [2][-]{subsection.9.27.4}{\376\377\0009\000.\0002\0007\000.\0004\000\040\000P\000r\000o\000p\000e\000r\000t\000y\000\040\000D\000o\000c\000u\000m\000e\000n\000t\000a\000t\000i\000o\000n}{section.9.27}% 301
\BOOKMARK [3][-]{subsubsection.9.27.4.1}{\376\377\0009\000.\0002\0007\000.\0004\000.\0001\000\040\000D\000e\000s\000c\000r\000i\000p\000c\000i\000o\000n}{subsection.9.27.4}% 302
\BOOKMARK [3][-]{subsubsection.9.27.4.2}{\376\377\0009\000.\0002\0007\000.\0004\000.\0002\000\040\000N\000o\000m\000b\000r\000e}{subsection.9.27.4}% 303
\BOOKMARK [1][-]{section.9.28}{\376\377\0009\000.\0002\0008\000\040\000L\000i\000b\000r\000a\000r\000y\000.\000B\000o\000t\000C\000o\000r\000e\000.\000C\000o\000m\000a\000n\000d\000o\000s\000.\000L\000i\000s\000t\000a\000r\000C\000l\000i\000e\000n\000t\000e\000s\000V\000e\000n\000d\000e\000d\000o\000r\000\040\000C\000l\000a\000s\000s\000\040\000R\000e\000f\000e\000r\000e\000n\000c\000e}{chapter.9}% 304
\BOOKMARK [2][-]{subsection.9.28.1}{\376\377\0009\000.\0002\0008\000.\0001\000\040\000D\000e\000t\000a\000i\000l\000e\000d\000\040\000D\000e\000s\000c\000r\000i\000p\000t\000i\000o\000n}{section.9.28}% 305
\BOOKMARK [2][-]{subsection.9.28.2}{\376\377\0009\000.\0002\0008\000.\0002\000\040\000C\000o\000n\000s\000t\000r\000u\000c\000t\000o\000r\000\040\000\046\000\040\000D\000e\000s\000t\000r\000u\000c\000t\000o\000r\000\040\000D\000o\000c\000u\000m\000e\000n\000t\000a\000t\000i\000o\000n}{section.9.28}% 306
\BOOKMARK [3][-]{subsubsection.9.28.2.1}{\376\377\0009\000.\0002\0008\000.\0002\000.\0001\000\040\000L\000i\000s\000t\000a\000r\000C\000l\000i\000e\000n\000t\000e\000s\000V\000e\000n\000d\000e\000d\000o\000r\000\050\000\051}{subsection.9.28.2}% 307
\BOOKMARK [2][-]{subsection.9.28.3}{\376\377\0009\000.\0002\0008\000.\0003\000\040\000M\000e\000m\000b\000e\000r\000\040\000F\000u\000n\000c\000t\000i\000o\000n\000\040\000D\000o\000c\000u\000m\000e\000n\000t\000a\000t\000i\000o\000n}{section.9.28}% 308
\BOOKMARK [3][-]{subsubsection.9.28.3.1}{\376\377\0009\000.\0002\0008\000.\0003\000.\0001\000\040\000E\000j\000e\000c\000u\000t\000a\000r\000\050\000\051}{subsection.9.28.3}% 309
\BOOKMARK [2][-]{subsection.9.28.4}{\376\377\0009\000.\0002\0008\000.\0004\000\040\000P\000r\000o\000p\000e\000r\000t\000y\000\040\000D\000o\000c\000u\000m\000e\000n\000t\000a\000t\000i\000o\000n}{section.9.28}% 310
\BOOKMARK [3][-]{subsubsection.9.28.4.1}{\376\377\0009\000.\0002\0008\000.\0004\000.\0001\000\040\000D\000e\000s\000c\000r\000i\000p\000c\000i\000o\000n}{subsection.9.28.4}% 311
\BOOKMARK [3][-]{subsubsection.9.28.4.2}{\376\377\0009\000.\0002\0008\000.\0004\000.\0002\000\040\000N\000o\000m\000b\000r\000e}{subsection.9.28.4}% 312
\BOOKMARK [1][-]{section.9.29}{\376\377\0009\000.\0002\0009\000\040\000L\000i\000b\000r\000a\000r\000y\000.\000B\000o\000t\000C\000o\000r\000e\000.\000C\000o\000m\000a\000n\000d\000o\000s\000.\000L\000i\000s\000t\000a\000r\000V\000e\000n\000d\000e\000d\000o\000r\000e\000s\000V\000e\000n\000d\000e\000d\000o\000r\000U\000s\000u\000a\000r\000i\000o\000\040\000C\000l\000a\000s\000s\000\040\000R\000e\000f\000e\000r\000e\000n\000c\000e}{chapter.9}% 313
\BOOKMARK [2][-]{subsection.9.29.1}{\376\377\0009\000.\0002\0009\000.\0001\000\040\000D\000e\000t\000a\000i\000l\000e\000d\000\040\000D\000e\000s\000c\000r\000i\000p\000t\000i\000o\000n}{section.9.29}% 314
\BOOKMARK [2][-]{subsection.9.29.2}{\376\377\0009\000.\0002\0009\000.\0002\000\040\000C\000o\000n\000s\000t\000r\000u\000c\000t\000o\000r\000\040\000\046\000\040\000D\000e\000s\000t\000r\000u\000c\000t\000o\000r\000\040\000D\000o\000c\000u\000m\000e\000n\000t\000a\000t\000i\000o\000n}{section.9.29}% 315
\BOOKMARK [3][-]{subsubsection.9.29.2.1}{\376\377\0009\000.\0002\0009\000.\0002\000.\0001\000\040\000L\000i\000s\000t\000a\000r\000V\000e\000n\000d\000e\000d\000o\000r\000e\000s\000V\000e\000n\000d\000e\000d\000o\000r\000U\000s\000u\000a\000r\000i\000o\000\050\000\051}{subsection.9.29.2}% 316
\BOOKMARK [2][-]{subsection.9.29.3}{\376\377\0009\000.\0002\0009\000.\0003\000\040\000M\000e\000m\000b\000e\000r\000\040\000F\000u\000n\000c\000t\000i\000o\000n\000\040\000D\000o\000c\000u\000m\000e\000n\000t\000a\000t\000i\000o\000n}{section.9.29}% 317
\BOOKMARK [3][-]{subsubsection.9.29.3.1}{\376\377\0009\000.\0002\0009\000.\0003\000.\0001\000\040\000E\000j\000e\000c\000u\000t\000a\000r\000\050\000\051}{subsection.9.29.3}% 318
\BOOKMARK [2][-]{subsection.9.29.4}{\376\377\0009\000.\0002\0009\000.\0004\000\040\000P\000r\000o\000p\000e\000r\000t\000y\000\040\000D\000o\000c\000u\000m\000e\000n\000t\000a\000t\000i\000o\000n}{section.9.29}% 319
\BOOKMARK [3][-]{subsubsection.9.29.4.1}{\376\377\0009\000.\0002\0009\000.\0004\000.\0001\000\040\000D\000e\000s\000c\000r\000i\000p\000c\000i\000o\000n}{subsection.9.29.4}% 320
\BOOKMARK [3][-]{subsubsection.9.29.4.2}{\376\377\0009\000.\0002\0009\000.\0004\000.\0002\000\040\000N\000o\000m\000b\000r\000e}{subsection.9.29.4}% 321
\BOOKMARK [1][-]{section.9.30}{\376\377\0009\000.\0003\0000\000\040\000L\000i\000b\000r\000a\000r\000y\000.\000C\000l\000a\000s\000e\000s\000\137\000t\000i\000p\000o\000s\000.\000L\000l\000a\000m\000a\000d\000a\000\040\000C\000l\000a\000s\000s\000\040\000R\000e\000f\000e\000r\000e\000n\000c\000e}{chapter.9}% 322
\BOOKMARK [2][-]{subsection.9.30.1}{\376\377\0009\000.\0003\0000\000.\0001\000\040\000D\000e\000t\000a\000i\000l\000e\000d\000\040\000D\000e\000s\000c\000r\000i\000p\000t\000i\000o\000n}{section.9.30}% 323
\BOOKMARK [2][-]{subsection.9.30.2}{\376\377\0009\000.\0003\0000\000.\0002\000\040\000M\000e\000m\000b\000e\000r\000\040\000F\000u\000n\000c\000t\000i\000o\000n\000\040\000D\000o\000c\000u\000m\000e\000n\000t\000a\000t\000i\000o\000n}{section.9.30}% 324
\BOOKMARK [3][-]{subsubsection.9.30.2.1}{\376\377\0009\000.\0003\0000\000.\0002\000.\0001\000\040\000A\000g\000r\000e\000g\000a\000r\000D\000e\000s\000c\000r\000i\000p\000c\000i\000o\000n\000\050\000\051}{subsection.9.30.2}% 325
\BOOKMARK [2][-]{subsection.9.30.3}{\376\377\0009\000.\0003\0000\000.\0003\000\040\000P\000r\000o\000p\000e\000r\000t\000y\000\040\000D\000o\000c\000u\000m\000e\000n\000t\000a\000t\000i\000o\000n}{section.9.30}% 326
\BOOKMARK [3][-]{subsubsection.9.30.3.1}{\376\377\0009\000.\0003\0000\000.\0003\000.\0001\000\040\000A\000s\000u\000n\000t\000o}{subsection.9.30.3}% 327
\BOOKMARK [3][-]{subsubsection.9.30.3.2}{\376\377\0009\000.\0003\0000\000.\0003\000.\0002\000\040\000D\000e\000s\000c\000r\000i\000p\000c\000i\000o\000n}{subsection.9.30.3}% 328
\BOOKMARK [3][-]{subsubsection.9.30.3.3}{\376\377\0009\000.\0003\0000\000.\0003\000.\0003\000\040\000F\000e\000c\000h\000a}{subsection.9.30.3}% 329
\BOOKMARK [1][-]{section.9.31}{\376\377\0009\000.\0003\0001\000\040\000L\000i\000b\000r\000a\000r\000y\000.\000C\000l\000a\000s\000e\000s\000\137\000t\000i\000p\000o\000s\000.\000L\000l\000a\000m\000a\000d\000a\000s\000\040\000C\000l\000a\000s\000s\000\040\000R\000e\000f\000e\000r\000e\000n\000c\000e}{chapter.9}% 330
\BOOKMARK [2][-]{subsection.9.31.1}{\376\377\0009\000.\0003\0001\000.\0001\000\040\000D\000e\000t\000a\000i\000l\000e\000d\000\040\000D\000e\000s\000c\000r\000i\000p\000t\000i\000o\000n}{section.9.31}% 331
\BOOKMARK [2][-]{subsection.9.31.2}{\376\377\0009\000.\0003\0001\000.\0002\000\040\000M\000e\000m\000b\000e\000r\000\040\000F\000u\000n\000c\000t\000i\000o\000n\000\040\000D\000o\000c\000u\000m\000e\000n\000t\000a\000t\000i\000o\000n}{section.9.31}% 332
\BOOKMARK [3][-]{subsubsection.9.31.2.1}{\376\377\0009\000.\0003\0001\000.\0002\000.\0001\000\040\000A\000g\000r\000e\000g\000a\000r\000D\000e\000s\000c\000r\000i\000p\000c\000i\000o\000n\000\050\000\051}{subsection.9.31.2}% 333
\BOOKMARK [3][-]{subsubsection.9.31.2.2}{\376\377\0009\000.\0003\0001\000.\0002\000.\0002\000\040\000A\000g\000r\000e\000g\000a\000r\000E\000n\000v\000i\000a\000d\000o\000s\000\050\000\051}{subsection.9.31.2}% 334
\BOOKMARK [3][-]{subsubsection.9.31.2.3}{\376\377\0009\000.\0003\0001\000.\0002\000.\0003\000\040\000A\000g\000r\000e\000g\000a\000r\000R\000e\000c\000i\000b\000i\000d\000o\000s\000\050\000\051}{subsection.9.31.2}% 335
\BOOKMARK [2][-]{subsection.9.31.3}{\376\377\0009\000.\0003\0001\000.\0003\000\040\000P\000r\000o\000p\000e\000r\000t\000y\000\040\000D\000o\000c\000u\000m\000e\000n\000t\000a\000t\000i\000o\000n}{section.9.31}% 336
\BOOKMARK [3][-]{subsubsection.9.31.3.1}{\376\377\0009\000.\0003\0001\000.\0003\000.\0001\000\040\000D\000e\000s\000c\000r\000i\000p\000c\000i\000o\000n}{subsection.9.31.3}% 337
\BOOKMARK [3][-]{subsubsection.9.31.3.2}{\376\377\0009\000.\0003\0001\000.\0003\000.\0002\000\040\000E\000n\000v\000i\000a\000d\000o\000s}{subsection.9.31.3}% 338
\BOOKMARK [3][-]{subsubsection.9.31.3.3}{\376\377\0009\000.\0003\0001\000.\0003\000.\0003\000\040\000R\000e\000c\000i\000b\000i\000d\000o\000s}{subsection.9.31.3}% 339
\BOOKMARK [1][-]{section.9.32}{\376\377\0009\000.\0003\0002\000\040\000L\000i\000b\000r\000a\000r\000y\000.\000B\000o\000t\000C\000o\000r\000e\000.\000C\000o\000m\000a\000n\000d\000o\000s\000.\000L\000o\000g\000i\000n\000C\000o\000m\000m\000a\000n\000d\000\040\000C\000l\000a\000s\000s\000\040\000R\000e\000f\000e\000r\000e\000n\000c\000e}{chapter.9}% 340
\BOOKMARK [2][-]{subsection.9.32.1}{\376\377\0009\000.\0003\0002\000.\0001\000\040\000D\000e\000t\000a\000i\000l\000e\000d\000\040\000D\000e\000s\000c\000r\000i\000p\000t\000i\000o\000n}{section.9.32}% 341
\BOOKMARK [2][-]{subsection.9.32.2}{\376\377\0009\000.\0003\0002\000.\0002\000\040\000C\000o\000n\000s\000t\000r\000u\000c\000t\000o\000r\000\040\000\046\000\040\000D\000e\000s\000t\000r\000u\000c\000t\000o\000r\000\040\000D\000o\000c\000u\000m\000e\000n\000t\000a\000t\000i\000o\000n}{section.9.32}% 342
\BOOKMARK [3][-]{subsubsection.9.32.2.1}{\376\377\0009\000.\0003\0002\000.\0002\000.\0001\000\040\000L\000o\000g\000i\000n\000C\000o\000m\000m\000a\000n\000d\000\050\000\051}{subsection.9.32.2}% 343
\BOOKMARK [2][-]{subsection.9.32.3}{\376\377\0009\000.\0003\0002\000.\0003\000\040\000M\000e\000m\000b\000e\000r\000\040\000F\000u\000n\000c\000t\000i\000o\000n\000\040\000D\000o\000c\000u\000m\000e\000n\000t\000a\000t\000i\000o\000n}{section.9.32}% 344
\BOOKMARK [3][-]{subsubsection.9.32.3.1}{\376\377\0009\000.\0003\0002\000.\0003\000.\0001\000\040\000E\000j\000e\000c\000u\000t\000a\000r\000\050\000\051}{subsection.9.32.3}% 345
\BOOKMARK [2][-]{subsection.9.32.4}{\376\377\0009\000.\0003\0002\000.\0004\000\040\000P\000r\000o\000p\000e\000r\000t\000y\000\040\000D\000o\000c\000u\000m\000e\000n\000t\000a\000t\000i\000o\000n}{section.9.32}% 346
\BOOKMARK [3][-]{subsubsection.9.32.4.1}{\376\377\0009\000.\0003\0002\000.\0004\000.\0001\000\040\000D\000e\000s\000c\000r\000i\000p\000c\000i\000o\000n}{subsection.9.32.4}% 347
\BOOKMARK [3][-]{subsubsection.9.32.4.2}{\376\377\0009\000.\0003\0002\000.\0004\000.\0002\000\040\000N\000o\000m\000b\000r\000e}{subsection.9.32.4}% 348
\BOOKMARK [1][-]{section.9.33}{\376\377\0009\000.\0003\0003\000\040\000L\000i\000b\000r\000a\000r\000y\000.\000B\000o\000t\000C\000o\000r\000e\000.\000C\000o\000m\000a\000n\000d\000o\000s\000.\000L\000o\000g\000o\000u\000t\000C\000o\000m\000m\000a\000n\000d\000\040\000C\000l\000a\000s\000s\000\040\000R\000e\000f\000e\000r\000e\000n\000c\000e}{chapter.9}% 349
\BOOKMARK [2][-]{subsection.9.33.1}{\376\377\0009\000.\0003\0003\000.\0001\000\040\000D\000e\000t\000a\000i\000l\000e\000d\000\040\000D\000e\000s\000c\000r\000i\000p\000t\000i\000o\000n}{section.9.33}% 350
\BOOKMARK [2][-]{subsection.9.33.2}{\376\377\0009\000.\0003\0003\000.\0002\000\040\000C\000o\000n\000s\000t\000r\000u\000c\000t\000o\000r\000\040\000\046\000\040\000D\000e\000s\000t\000r\000u\000c\000t\000o\000r\000\040\000D\000o\000c\000u\000m\000e\000n\000t\000a\000t\000i\000o\000n}{section.9.33}% 351
\BOOKMARK [3][-]{subsubsection.9.33.2.1}{\376\377\0009\000.\0003\0003\000.\0002\000.\0001\000\040\000L\000o\000g\000o\000u\000t\000C\000o\000m\000m\000a\000n\000d\000\050\000\051}{subsection.9.33.2}% 352
\BOOKMARK [2][-]{subsection.9.33.3}{\376\377\0009\000.\0003\0003\000.\0003\000\040\000M\000e\000m\000b\000e\000r\000\040\000F\000u\000n\000c\000t\000i\000o\000n\000\040\000D\000o\000c\000u\000m\000e\000n\000t\000a\000t\000i\000o\000n}{section.9.33}% 353
\BOOKMARK [3][-]{subsubsection.9.33.3.1}{\376\377\0009\000.\0003\0003\000.\0003\000.\0001\000\040\000E\000j\000e\000c\000u\000t\000a\000r\000\050\000\051}{subsection.9.33.3}% 354
\BOOKMARK [2][-]{subsection.9.33.4}{\376\377\0009\000.\0003\0003\000.\0004\000\040\000P\000r\000o\000p\000e\000r\000t\000y\000\040\000D\000o\000c\000u\000m\000e\000n\000t\000a\000t\000i\000o\000n}{section.9.33}% 355
\BOOKMARK [3][-]{subsubsection.9.33.4.1}{\376\377\0009\000.\0003\0003\000.\0004\000.\0001\000\040\000D\000e\000s\000c\000r\000i\000p\000c\000i\000o\000n}{subsection.9.33.4}% 356
\BOOKMARK [3][-]{subsubsection.9.33.4.2}{\376\377\0009\000.\0003\0003\000.\0004\000.\0002\000\040\000N\000o\000m\000b\000r\000e}{subsection.9.33.4}% 357
\BOOKMARK [1][-]{section.9.34}{\376\377\0009\000.\0003\0004\000\040\000L\000i\000b\000r\000a\000r\000y\000.\000C\000l\000a\000s\000e\000s\000\137\000t\000i\000p\000o\000s\000.\000M\000e\000n\000s\000a\000j\000e\000\040\000C\000l\000a\000s\000s\000\040\000R\000e\000f\000e\000r\000e\000n\000c\000e}{chapter.9}% 358
\BOOKMARK [2][-]{subsection.9.34.1}{\376\377\0009\000.\0003\0004\000.\0001\000\040\000D\000e\000t\000a\000i\000l\000e\000d\000\040\000D\000e\000s\000c\000r\000i\000p\000t\000i\000o\000n}{section.9.34}% 359
\BOOKMARK [2][-]{subsection.9.34.2}{\376\377\0009\000.\0003\0004\000.\0002\000\040\000M\000e\000m\000b\000e\000r\000\040\000F\000u\000n\000c\000t\000i\000o\000n\000\040\000D\000o\000c\000u\000m\000e\000n\000t\000a\000t\000i\000o\000n}{section.9.34}% 360
\BOOKMARK [3][-]{subsubsection.9.34.2.1}{\376\377\0009\000.\0003\0004\000.\0002\000.\0001\000\040\000A\000g\000r\000e\000g\000a\000r\000D\000e\000s\000c\000r\000i\000p\000c\000i\000o\000n\000\050\000\051}{subsection.9.34.2}% 361
\BOOKMARK [2][-]{subsection.9.34.3}{\376\377\0009\000.\0003\0004\000.\0003\000\040\000P\000r\000o\000p\000e\000r\000t\000y\000\040\000D\000o\000c\000u\000m\000e\000n\000t\000a\000t\000i\000o\000n}{section.9.34}% 362
\BOOKMARK [3][-]{subsubsection.9.34.3.1}{\376\377\0009\000.\0003\0004\000.\0003\000.\0001\000\040\000D\000e\000s\000c\000r\000i\000p\000c\000i\000o\000n}{subsection.9.34.3}% 363
\BOOKMARK [3][-]{subsubsection.9.34.3.2}{\376\377\0009\000.\0003\0004\000.\0003\000.\0002\000\040\000F\000e\000c\000h\000a}{subsection.9.34.3}% 364
\BOOKMARK [3][-]{subsubsection.9.34.3.3}{\376\377\0009\000.\0003\0004\000.\0003\000.\0003\000\040\000T\000e\000x\000t\000o}{subsection.9.34.3}% 365
\BOOKMARK [1][-]{section.9.35}{\376\377\0009\000.\0003\0005\000\040\000L\000i\000b\000r\000a\000r\000y\000.\000B\000o\000t\000C\000o\000r\000e\000.\000M\000e\000n\000s\000a\000j\000e\000D\000e\000C\000o\000n\000s\000o\000l\000a\000\040\000C\000l\000a\000s\000s\000\040\000R\000e\000f\000e\000r\000e\000n\000c\000e}{chapter.9}% 366
\BOOKMARK [2][-]{subsection.9.35.1}{\376\377\0009\000.\0003\0005\000.\0001\000\040\000D\000e\000t\000a\000i\000l\000e\000d\000\040\000D\000e\000s\000c\000r\000i\000p\000t\000i\000o\000n}{section.9.35}% 367
\BOOKMARK [2][-]{subsection.9.35.2}{\376\377\0009\000.\0003\0005\000.\0002\000\040\000M\000e\000m\000b\000e\000r\000\040\000F\000u\000n\000c\000t\000i\000o\000n\000\040\000D\000o\000c\000u\000m\000e\000n\000t\000a\000t\000i\000o\000n}{section.9.35}% 368
\BOOKMARK [3][-]{subsubsection.9.35.2.1}{\376\377\0009\000.\0003\0005\000.\0002\000.\0001\000\040\000E\000n\000v\000i\000a\000r\000M\000e\000n\000s\000a\000j\000e\000\050\000\051}{subsection.9.35.2}% 369
\BOOKMARK [3][-]{subsubsection.9.35.2.2}{\376\377\0009\000.\0003\0005\000.\0002\000.\0002\000\040\000E\000s\000p\000e\000r\000a\000r\000R\000e\000s\000p\000u\000e\000s\000t\000a\000\050\000\051}{subsection.9.35.2}% 370
\BOOKMARK [2][-]{subsection.9.35.3}{\376\377\0009\000.\0003\0005\000.\0003\000\040\000P\000r\000o\000p\000e\000r\000t\000y\000\040\000D\000o\000c\000u\000m\000e\000n\000t\000a\000t\000i\000o\000n}{section.9.35}% 371
\BOOKMARK [3][-]{subsubsection.9.35.3.1}{\376\377\0009\000.\0003\0005\000.\0003\000.\0001\000\040\000U\000s\000u\000a\000r\000i\000o\000I\000d}{subsection.9.35.3}% 372
\BOOKMARK [3][-]{subsubsection.9.35.3.2}{\376\377\0009\000.\0003\0005\000.\0003\000.\0002\000\040\000U\000s\000u\000a\000r\000i\000o\000N\000o\000m\000b\000r\000e}{subsection.9.35.3}% 373
\BOOKMARK [1][-]{section.9.36}{\376\377\0009\000.\0003\0006\000\040\000L\000i\000b\000r\000a\000r\000y\000.\000C\000l\000a\000s\000e\000s\000\137\000t\000i\000p\000o\000s\000.\000M\000e\000n\000s\000a\000j\000e\000s\000\040\000C\000l\000a\000s\000s\000\040\000R\000e\000f\000e\000r\000e\000n\000c\000e}{chapter.9}% 374
\BOOKMARK [2][-]{subsection.9.36.1}{\376\377\0009\000.\0003\0006\000.\0001\000\040\000D\000e\000t\000a\000i\000l\000e\000d\000\040\000D\000e\000s\000c\000r\000i\000p\000t\000i\000o\000n}{section.9.36}% 375
\BOOKMARK [2][-]{subsection.9.36.2}{\376\377\0009\000.\0003\0006\000.\0002\000\040\000M\000e\000m\000b\000e\000r\000\040\000F\000u\000n\000c\000t\000i\000o\000n\000\040\000D\000o\000c\000u\000m\000e\000n\000t\000a\000t\000i\000o\000n}{section.9.36}% 376
\BOOKMARK [3][-]{subsubsection.9.36.2.1}{\376\377\0009\000.\0003\0006\000.\0002\000.\0001\000\040\000A\000g\000r\000e\000g\000a\000r\000A\000s\000u\000n\000t\000o\000\050\000\051}{subsection.9.36.2}% 377
\BOOKMARK [3][-]{subsubsection.9.36.2.2}{\376\377\0009\000.\0003\0006\000.\0002\000.\0002\000\040\000A\000g\000r\000e\000g\000a\000r\000D\000e\000s\000c\000r\000i\000p\000c\000i\000o\000n\000\050\000\051}{subsection.9.36.2}% 378
\BOOKMARK [3][-]{subsubsection.9.36.2.3}{\376\377\0009\000.\0003\0006\000.\0002\000.\0003\000\040\000A\000g\000r\000e\000g\000a\000r\000E\000n\000v\000i\000a\000d\000o\000s\000\050\000\051}{subsection.9.36.2}% 379
\BOOKMARK [3][-]{subsubsection.9.36.2.4}{\376\377\0009\000.\0003\0006\000.\0002\000.\0004\000\040\000A\000g\000r\000e\000g\000a\000r\000R\000e\000c\000i\000b\000i\000d\000o\000s\000\050\000\051}{subsection.9.36.2}% 380
\BOOKMARK [2][-]{subsection.9.36.3}{\376\377\0009\000.\0003\0006\000.\0003\000\040\000P\000r\000o\000p\000e\000r\000t\000y\000\040\000D\000o\000c\000u\000m\000e\000n\000t\000a\000t\000i\000o\000n}{section.9.36}% 381
\BOOKMARK [3][-]{subsubsection.9.36.3.1}{\376\377\0009\000.\0003\0006\000.\0003\000.\0001\000\040\000A\000s\000u\000n\000t\000o}{subsection.9.36.3}% 382
\BOOKMARK [3][-]{subsubsection.9.36.3.2}{\376\377\0009\000.\0003\0006\000.\0003\000.\0002\000\040\000D\000e\000s\000c\000r\000i\000p\000c\000i\000o\000n}{subsection.9.36.3}% 383
\BOOKMARK [3][-]{subsubsection.9.36.3.3}{\376\377\0009\000.\0003\0006\000.\0003\000.\0003\000\040\000m\000e\000n\000s\000a\000j\000e\000s\000E\000n\000v\000i\000a\000d\000o\000s}{subsection.9.36.3}% 384
\BOOKMARK [3][-]{subsubsection.9.36.3.4}{\376\377\0009\000.\0003\0006\000.\0003\000.\0004\000\040\000m\000e\000n\000s\000a\000j\000e\000s\000R\000e\000c\000i\000b\000i\000d\000o\000s}{subsection.9.36.3}% 385
\BOOKMARK [1][-]{section.9.37}{\376\377\0009\000.\0003\0007\000\040\000L\000i\000b\000r\000a\000r\000y\000.\000B\000o\000t\000C\000o\000r\000e\000.\000C\000o\000m\000a\000n\000d\000o\000s\000.\000M\000o\000d\000i\000f\000i\000c\000a\000r\000C\000l\000i\000e\000n\000t\000e\000U\000s\000u\000a\000r\000i\000o\000\040\000C\000l\000a\000s\000s\000\040\000R\000e\000f\000e\000r\000e\000n\000c\000e}{chapter.9}% 386
\BOOKMARK [2][-]{subsection.9.37.1}{\376\377\0009\000.\0003\0007\000.\0001\000\040\000D\000e\000t\000a\000i\000l\000e\000d\000\040\000D\000e\000s\000c\000r\000i\000p\000t\000i\000o\000n}{section.9.37}% 387
\BOOKMARK [2][-]{subsection.9.37.2}{\376\377\0009\000.\0003\0007\000.\0002\000\040\000C\000o\000n\000s\000t\000r\000u\000c\000t\000o\000r\000\040\000\046\000\040\000D\000e\000s\000t\000r\000u\000c\000t\000o\000r\000\040\000D\000o\000c\000u\000m\000e\000n\000t\000a\000t\000i\000o\000n}{section.9.37}% 388
\BOOKMARK [3][-]{subsubsection.9.37.2.1}{\376\377\0009\000.\0003\0007\000.\0002\000.\0001\000\040\000M\000o\000d\000i\000f\000i\000c\000a\000r\000C\000l\000i\000e\000n\000t\000e\000U\000s\000u\000a\000r\000i\000o\000\050\000\051}{subsection.9.37.2}% 389
\BOOKMARK [2][-]{subsection.9.37.3}{\376\377\0009\000.\0003\0007\000.\0003\000\040\000M\000e\000m\000b\000e\000r\000\040\000F\000u\000n\000c\000t\000i\000o\000n\000\040\000D\000o\000c\000u\000m\000e\000n\000t\000a\000t\000i\000o\000n}{section.9.37}% 390
\BOOKMARK [3][-]{subsubsection.9.37.3.1}{\376\377\0009\000.\0003\0007\000.\0003\000.\0001\000\040\000E\000j\000e\000c\000u\000t\000a\000r\000\050\000\051}{subsection.9.37.3}% 391
\BOOKMARK [2][-]{subsection.9.37.4}{\376\377\0009\000.\0003\0007\000.\0004\000\040\000P\000r\000o\000p\000e\000r\000t\000y\000\040\000D\000o\000c\000u\000m\000e\000n\000t\000a\000t\000i\000o\000n}{section.9.37}% 392
\BOOKMARK [3][-]{subsubsection.9.37.4.1}{\376\377\0009\000.\0003\0007\000.\0004\000.\0001\000\040\000D\000e\000s\000c\000r\000i\000p\000c\000i\000o\000n}{subsection.9.37.4}% 393
\BOOKMARK [3][-]{subsubsection.9.37.4.2}{\376\377\0009\000.\0003\0007\000.\0004\000.\0002\000\040\000N\000o\000m\000b\000r\000e}{subsection.9.37.4}% 394
\BOOKMARK [1][-]{section.9.38}{\376\377\0009\000.\0003\0008\000\040\000L\000i\000b\000r\000a\000r\000y\000.\000C\000l\000a\000s\000e\000s\000\137\000p\000r\000i\000n\000c\000i\000p\000a\000l\000e\000s\000.\000P\000a\000n\000e\000l\000R\000e\000s\000u\000m\000e\000n\000\040\000C\000l\000a\000s\000s\000\040\000R\000e\000f\000e\000r\000e\000n\000c\000e}{chapter.9}% 395
\BOOKMARK [2][-]{subsection.9.38.1}{\376\377\0009\000.\0003\0008\000.\0001\000\040\000D\000e\000t\000a\000i\000l\000e\000d\000\040\000D\000e\000s\000c\000r\000i\000p\000t\000i\000o\000n}{section.9.38}% 396
\BOOKMARK [2][-]{subsection.9.38.2}{\376\377\0009\000.\0003\0008\000.\0002\000\040\000P\000r\000o\000p\000e\000r\000t\000y\000\040\000D\000o\000c\000u\000m\000e\000n\000t\000a\000t\000i\000o\000n}{section.9.38}% 397
\BOOKMARK [3][-]{subsubsection.9.38.2.1}{\376\377\0009\000.\0003\0008\000.\0002\000.\0001\000\040\000I\000n\000t\000e\000r\000a\000c\000c\000i\000o\000n\000e\000s\000R\000e\000c\000i\000e\000n\000t\000e\000s}{subsection.9.38.2}% 398
\BOOKMARK [3][-]{subsubsection.9.38.2.2}{\376\377\0009\000.\0003\0008\000.\0002\000.\0002\000\040\000R\000e\000u\000n\000i\000o\000n\000e\000s\000P\000r\000o\000x\000i\000m\000a\000s}{subsection.9.38.2}% 399
\BOOKMARK [3][-]{subsubsection.9.38.2.3}{\376\377\0009\000.\0003\0008\000.\0002\000.\0003\000\040\000T\000o\000t\000a\000l\000C\000l\000i\000e\000n\000t\000e\000s}{subsection.9.38.2}% 400
\BOOKMARK [1][-]{section.9.39}{\376\377\0009\000.\0003\0009\000\040\000L\000i\000b\000r\000a\000r\000y\000.\000C\000l\000a\000s\000e\000s\000\137\000t\000i\000p\000o\000s\000.\000P\000r\000e\000c\000i\000o\000\040\000C\000l\000a\000s\000s\000\040\000R\000e\000f\000e\000r\000e\000n\000c\000e}{chapter.9}% 401
\BOOKMARK [2][-]{subsection.9.39.1}{\376\377\0009\000.\0003\0009\000.\0001\000\040\000D\000e\000t\000a\000i\000l\000e\000d\000\040\000D\000e\000s\000c\000r\000i\000p\000t\000i\000o\000n}{section.9.39}% 402
\BOOKMARK [2][-]{subsection.9.39.2}{\376\377\0009\000.\0003\0009\000.\0002\000\040\000P\000r\000o\000p\000e\000r\000t\000y\000\040\000D\000o\000c\000u\000m\000e\000n\000t\000a\000t\000i\000o\000n}{section.9.39}% 403
\BOOKMARK [3][-]{subsubsection.9.39.2.1}{\376\377\0009\000.\0003\0009\000.\0002\000.\0001\000\040\000C\000o\000s\000t\000o}{subsection.9.39.2}% 404
\BOOKMARK [3][-]{subsubsection.9.39.2.2}{\376\377\0009\000.\0003\0009\000.\0002\000.\0002\000\040\000D\000e\000s\000c\000r\000i\000p\000c\000i\000o\000n}{subsection.9.39.2}% 405
\BOOKMARK [3][-]{subsubsection.9.39.2.3}{\376\377\0009\000.\0003\0009\000.\0002\000.\0003\000\040\000F\000e\000c\000h\000a}{subsection.9.39.2}% 406
\BOOKMARK [1][-]{section.9.40}{\376\377\0009\000.\0004\0000\000\040\000P\000r\000o\000g\000r\000a\000m\000\040\000C\000l\000a\000s\000s\000\040\000R\000e\000f\000e\000r\000e\000n\000c\000e}{chapter.9}% 407
\BOOKMARK [1][-]{section.9.41}{\376\377\0009\000.\0004\0001\000\040\000L\000i\000b\000r\000a\000r\000y\000.\000B\000o\000t\000C\000o\000r\000e\000.\000C\000o\000m\000a\000n\000d\000o\000s\000.\000P\000r\000o\000m\000e\000d\000i\000o\000V\000e\000n\000t\000a\000s\000U\000s\000u\000a\000r\000i\000o\000\040\000C\000l\000a\000s\000s\000\040\000R\000e\000f\000e\000r\000e\000n\000c\000e}{chapter.9}% 408
\BOOKMARK [2][-]{subsection.9.41.1}{\376\377\0009\000.\0004\0001\000.\0001\000\040\000D\000e\000t\000a\000i\000l\000e\000d\000\040\000D\000e\000s\000c\000r\000i\000p\000t\000i\000o\000n}{section.9.41}% 409
\BOOKMARK [2][-]{subsection.9.41.2}{\376\377\0009\000.\0004\0001\000.\0002\000\040\000C\000o\000n\000s\000t\000r\000u\000c\000t\000o\000r\000\040\000\046\000\040\000D\000e\000s\000t\000r\000u\000c\000t\000o\000r\000\040\000D\000o\000c\000u\000m\000e\000n\000t\000a\000t\000i\000o\000n}{section.9.41}% 410
\BOOKMARK [3][-]{subsubsection.9.41.2.1}{\376\377\0009\000.\0004\0001\000.\0002\000.\0001\000\040\000P\000r\000o\000m\000e\000d\000i\000o\000V\000e\000n\000t\000a\000s\000U\000s\000u\000a\000r\000i\000o\000\050\000\051}{subsection.9.41.2}% 411
\BOOKMARK [2][-]{subsection.9.41.3}{\376\377\0009\000.\0004\0001\000.\0003\000\040\000M\000e\000m\000b\000e\000r\000\040\000F\000u\000n\000c\000t\000i\000o\000n\000\040\000D\000o\000c\000u\000m\000e\000n\000t\000a\000t\000i\000o\000n}{section.9.41}% 412
\BOOKMARK [3][-]{subsubsection.9.41.3.1}{\376\377\0009\000.\0004\0001\000.\0003\000.\0001\000\040\000E\000j\000e\000c\000u\000t\000a\000r\000\050\000\051}{subsection.9.41.3}% 413
\BOOKMARK [2][-]{subsection.9.41.4}{\376\377\0009\000.\0004\0001\000.\0004\000\040\000P\000r\000o\000p\000e\000r\000t\000y\000\040\000D\000o\000c\000u\000m\000e\000n\000t\000a\000t\000i\000o\000n}{section.9.41}% 414
\BOOKMARK [3][-]{subsubsection.9.41.4.1}{\376\377\0009\000.\0004\0001\000.\0004\000.\0001\000\040\000D\000e\000s\000c\000r\000i\000p\000c\000i\000o\000n}{subsection.9.41.4}% 415
\BOOKMARK [3][-]{subsubsection.9.41.4.2}{\376\377\0009\000.\0004\0001\000.\0004\000.\0002\000\040\000N\000o\000m\000b\000r\000e}{subsection.9.41.4}% 416
\BOOKMARK [1][-]{section.9.42}{\376\377\0009\000.\0004\0002\000\040\000L\000i\000b\000r\000a\000r\000y\000.\000B\000o\000t\000C\000o\000r\000e\000.\000C\000o\000m\000a\000n\000d\000o\000s\000.\000R\000e\000g\000i\000s\000t\000r\000a\000r\000C\000o\000t\000i\000z\000a\000c\000i\000o\000n\000C\000l\000i\000e\000n\000t\000e\000U\000s\000u\000a\000r\000i\000o\000\040\000C\000l\000a\000s\000s\000\040\000R\000e\000f\000e\000r\000e\000n\000c\000e}{chapter.9}% 417
\BOOKMARK [2][-]{subsection.9.42.1}{\376\377\0009\000.\0004\0002\000.\0001\000\040\000D\000e\000t\000a\000i\000l\000e\000d\000\040\000D\000e\000s\000c\000r\000i\000p\000t\000i\000o\000n}{section.9.42}% 418
\BOOKMARK [2][-]{subsection.9.42.2}{\376\377\0009\000.\0004\0002\000.\0002\000\040\000C\000o\000n\000s\000t\000r\000u\000c\000t\000o\000r\000\040\000\046\000\040\000D\000e\000s\000t\000r\000u\000c\000t\000o\000r\000\040\000D\000o\000c\000u\000m\000e\000n\000t\000a\000t\000i\000o\000n}{section.9.42}% 419
\BOOKMARK [3][-]{subsubsection.9.42.2.1}{\376\377\0009\000.\0004\0002\000.\0002\000.\0001\000\040\000R\000e\000g\000i\000s\000t\000r\000a\000r\000C\000o\000t\000i\000z\000a\000c\000i\000o\000n\000C\000l\000i\000e\000n\000t\000e\000U\000s\000u\000a\000r\000i\000o\000\050\000\051}{subsection.9.42.2}% 420
\BOOKMARK [2][-]{subsection.9.42.3}{\376\377\0009\000.\0004\0002\000.\0003\000\040\000M\000e\000m\000b\000e\000r\000\040\000F\000u\000n\000c\000t\000i\000o\000n\000\040\000D\000o\000c\000u\000m\000e\000n\000t\000a\000t\000i\000o\000n}{section.9.42}% 421
\BOOKMARK [3][-]{subsubsection.9.42.3.1}{\376\377\0009\000.\0004\0002\000.\0003\000.\0001\000\040\000E\000j\000e\000c\000u\000t\000a\000r\000\050\000\051}{subsection.9.42.3}% 422
\BOOKMARK [2][-]{subsection.9.42.4}{\376\377\0009\000.\0004\0002\000.\0004\000\040\000P\000r\000o\000p\000e\000r\000t\000y\000\040\000D\000o\000c\000u\000m\000e\000n\000t\000a\000t\000i\000o\000n}{section.9.42}% 423
\BOOKMARK [3][-]{subsubsection.9.42.4.1}{\376\377\0009\000.\0004\0002\000.\0004\000.\0001\000\040\000D\000e\000s\000c\000r\000i\000p\000c\000i\000o\000n}{subsection.9.42.4}% 424
\BOOKMARK [3][-]{subsubsection.9.42.4.2}{\376\377\0009\000.\0004\0002\000.\0004\000.\0002\000\040\000N\000o\000m\000b\000r\000e}{subsection.9.42.4}% 425
\BOOKMARK [1][-]{section.9.43}{\376\377\0009\000.\0004\0003\000\040\000L\000i\000b\000r\000a\000r\000y\000.\000B\000o\000t\000C\000o\000r\000e\000.\000C\000o\000m\000a\000n\000d\000o\000s\000.\000R\000e\000g\000i\000s\000t\000r\000a\000r\000V\000e\000n\000t\000a\000C\000l\000i\000e\000n\000t\000e\000U\000s\000u\000a\000r\000i\000o\000\040\000C\000l\000a\000s\000s\000\040\000R\000e\000f\000e\000r\000e\000n\000c\000e}{chapter.9}% 426
\BOOKMARK [2][-]{subsection.9.43.1}{\376\377\0009\000.\0004\0003\000.\0001\000\040\000D\000e\000t\000a\000i\000l\000e\000d\000\040\000D\000e\000s\000c\000r\000i\000p\000t\000i\000o\000n}{section.9.43}% 427
\BOOKMARK [2][-]{subsection.9.43.2}{\376\377\0009\000.\0004\0003\000.\0002\000\040\000C\000o\000n\000s\000t\000r\000u\000c\000t\000o\000r\000\040\000\046\000\040\000D\000e\000s\000t\000r\000u\000c\000t\000o\000r\000\040\000D\000o\000c\000u\000m\000e\000n\000t\000a\000t\000i\000o\000n}{section.9.43}% 428
\BOOKMARK [3][-]{subsubsection.9.43.2.1}{\376\377\0009\000.\0004\0003\000.\0002\000.\0001\000\040\000R\000e\000g\000i\000s\000t\000r\000a\000r\000V\000e\000n\000t\000a\000C\000l\000i\000e\000n\000t\000e\000U\000s\000u\000a\000r\000i\000o\000\050\000\051}{subsection.9.43.2}% 429
\BOOKMARK [2][-]{subsection.9.43.3}{\376\377\0009\000.\0004\0003\000.\0003\000\040\000M\000e\000m\000b\000e\000r\000\040\000F\000u\000n\000c\000t\000i\000o\000n\000\040\000D\000o\000c\000u\000m\000e\000n\000t\000a\000t\000i\000o\000n}{section.9.43}% 430
\BOOKMARK [3][-]{subsubsection.9.43.3.1}{\376\377\0009\000.\0004\0003\000.\0003\000.\0001\000\040\000E\000j\000e\000c\000u\000t\000a\000r\000\050\000\051}{subsection.9.43.3}% 431
\BOOKMARK [2][-]{subsection.9.43.4}{\376\377\0009\000.\0004\0003\000.\0004\000\040\000P\000r\000o\000p\000e\000r\000t\000y\000\040\000D\000o\000c\000u\000m\000e\000n\000t\000a\000t\000i\000o\000n}{section.9.43}% 432
\BOOKMARK [3][-]{subsubsection.9.43.4.1}{\376\377\0009\000.\0004\0003\000.\0004\000.\0001\000\040\000D\000e\000s\000c\000r\000i\000p\000c\000i\000o\000n}{subsection.9.43.4}% 433
\BOOKMARK [3][-]{subsubsection.9.43.4.2}{\376\377\0009\000.\0004\0003\000.\0004\000.\0002\000\040\000N\000o\000m\000b\000r\000e}{subsection.9.43.4}% 434
\BOOKMARK [1][-]{section.9.44}{\376\377\0009\000.\0004\0004\000\040\000L\000i\000b\000r\000a\000r\000y\000.\000C\000l\000a\000s\000e\000s\000\137\000p\000r\000i\000n\000c\000i\000p\000a\000l\000e\000s\000.\000R\000e\000g\000i\000s\000t\000r\000o\000C\000l\000i\000e\000n\000t\000e\000\040\000C\000l\000a\000s\000s\000\040\000R\000e\000f\000e\000r\000e\000n\000c\000e}{chapter.9}% 435
\BOOKMARK [2][-]{subsection.9.44.1}{\376\377\0009\000.\0004\0004\000.\0001\000\040\000D\000e\000t\000a\000i\000l\000e\000d\000\040\000D\000e\000s\000c\000r\000i\000p\000t\000i\000o\000n}{section.9.44}% 436
\BOOKMARK [2][-]{subsection.9.44.2}{\376\377\0009\000.\0004\0004\000.\0002\000\040\000C\000o\000n\000s\000t\000r\000u\000c\000t\000o\000r\000\040\000\046\000\040\000D\000e\000s\000t\000r\000u\000c\000t\000o\000r\000\040\000D\000o\000c\000u\000m\000e\000n\000t\000a\000t\000i\000o\000n}{section.9.44}% 437
\BOOKMARK [3][-]{subsubsection.9.44.2.1}{\376\377\0009\000.\0004\0004\000.\0002\000.\0001\000\040\000R\000e\000g\000i\000s\000t\000r\000o\000C\000l\000i\000e\000n\000t\000e\000\050\000\051}{subsection.9.44.2}% 438
\BOOKMARK [2][-]{subsection.9.44.3}{\376\377\0009\000.\0004\0004\000.\0003\000\040\000M\000e\000m\000b\000e\000r\000\040\000F\000u\000n\000c\000t\000i\000o\000n\000\040\000D\000o\000c\000u\000m\000e\000n\000t\000a\000t\000i\000o\000n}{section.9.44}% 439
\BOOKMARK [3][-]{subsubsection.9.44.3.1}{\376\377\0009\000.\0004\0004\000.\0003\000.\0001\000\040\000R\000e\000g\000i\000s\000t\000r\000a\000r\000G\000e\000n\000e\000r\000o\000\050\000\051}{subsection.9.44.3}% 440
\BOOKMARK [3][-]{subsubsection.9.44.3.2}{\376\377\0009\000.\0004\0004\000.\0003\000.\0002\000\040\000R\000e\000g\000i\000s\000t\000r\000a\000r\000N\000a\000c\000i\000m\000i\000e\000n\000t\000o\000\050\000\051}{subsection.9.44.3}% 441
\BOOKMARK [3][-]{subsubsection.9.44.3.3}{\376\377\0009\000.\0004\0004\000.\0003\000.\0003\000\040\000R\000e\000g\000i\000s\000t\000r\000a\000r\000P\000r\000e\000c\000i\000o\000\050\000\051}{subsection.9.44.3}% 442
\BOOKMARK [3][-]{subsubsection.9.44.3.4}{\376\377\0009\000.\0004\0004\000.\0003\000.\0004\000\040\000U\000l\000t\000i\000m\000a\000I\000n\000t\000e\000r\000a\000c\000c\000i\000o\000n\000\050\000\051}{subsection.9.44.3}% 443
\BOOKMARK [2][-]{subsection.9.44.4}{\376\377\0009\000.\0004\0004\000.\0004\000\040\000P\000r\000o\000p\000e\000r\000t\000y\000\040\000D\000o\000c\000u\000m\000e\000n\000t\000a\000t\000i\000o\000n}{section.9.44}% 444
\BOOKMARK [3][-]{subsubsection.9.44.4.1}{\376\377\0009\000.\0004\0004\000.\0004\000.\0001\000\040\000C\000l\000i\000e\000n\000t\000e}{subsection.9.44.4}% 445
\BOOKMARK [3][-]{subsubsection.9.44.4.2}{\376\377\0009\000.\0004\0004\000.\0004\000.\0002\000\040\000E\000m\000a\000i\000l\000s}{subsection.9.44.4}% 446
\BOOKMARK [3][-]{subsubsection.9.44.4.3}{\376\377\0009\000.\0004\0004\000.\0004\000.\0003\000\040\000L\000l\000a\000m\000a\000d\000a\000s}{subsection.9.44.4}% 447
\BOOKMARK [3][-]{subsubsection.9.44.4.4}{\376\377\0009\000.\0004\0004\000.\0004\000.\0004\000\040\000M\000e\000n\000s\000a\000j\000e\000s}{subsection.9.44.4}% 448
\BOOKMARK [3][-]{subsubsection.9.44.4.5}{\376\377\0009\000.\0004\0004\000.\0004\000.\0005\000\040\000P\000r\000e\000c\000i\000o}{subsection.9.44.4}% 449
\BOOKMARK [3][-]{subsubsection.9.44.4.6}{\376\377\0009\000.\0004\0004\000.\0004\000.\0006\000\040\000R\000e\000u\000n\000i\000o\000n}{subsection.9.44.4}% 450
\BOOKMARK [3][-]{subsubsection.9.44.4.7}{\376\377\0009\000.\0004\0004\000.\0004\000.\0007\000\040\000V\000e\000n\000t\000a\000s}{subsection.9.44.4}% 451
\BOOKMARK [1][-]{section.9.45}{\376\377\0009\000.\0004\0005\000\040\000L\000i\000b\000r\000a\000r\000y\000.\000T\000e\000s\000t\000s\000.\000R\000e\000g\000i\000s\000t\000r\000o\000C\000l\000i\000e\000n\000t\000e\000s\000T\000e\000s\000t\000s\000\040\000C\000l\000a\000s\000s\000\040\000R\000e\000f\000e\000r\000e\000n\000c\000e}{chapter.9}% 452
\BOOKMARK [2][-]{subsection.9.45.1}{\376\377\0009\000.\0004\0005\000.\0001\000\040\000D\000e\000t\000a\000i\000l\000e\000d\000\040\000D\000e\000s\000c\000r\000i\000p\000t\000i\000o\000n}{section.9.45}% 453
\BOOKMARK [2][-]{subsection.9.45.2}{\376\377\0009\000.\0004\0005\000.\0002\000\040\000M\000e\000m\000b\000e\000r\000\040\000F\000u\000n\000c\000t\000i\000o\000n\000\040\000D\000o\000c\000u\000m\000e\000n\000t\000a\000t\000i\000o\000n}{section.9.45}% 454
\BOOKMARK [3][-]{subsubsection.9.45.2.1}{\376\377\0009\000.\0004\0005\000.\0002\000.\0001\000\040\000R\000e\000g\000i\000s\000t\000r\000a\000r\000G\000e\000n\000e\000r\000o\000\050\000\051}{subsection.9.45.2}% 455
\BOOKMARK [3][-]{subsubsection.9.45.2.2}{\376\377\0009\000.\0004\0005\000.\0002\000.\0002\000\040\000R\000e\000g\000i\000s\000t\000r\000a\000r\000N\000a\000c\000i\000m\000i\000e\000n\000t\000o\000\050\000\051}{subsection.9.45.2}% 456
\BOOKMARK [3][-]{subsubsection.9.45.2.3}{\376\377\0009\000.\0004\0005\000.\0002\000.\0003\000\040\000R\000e\000g\000i\000s\000t\000r\000a\000r\000P\000r\000e\000c\000i\000o\000\050\000\051}{subsection.9.45.2}% 457
\BOOKMARK [3][-]{subsubsection.9.45.2.4}{\376\377\0009\000.\0004\0005\000.\0002\000.\0004\000\040\000S\000e\000t\000u\000p\000\050\000\051}{subsection.9.45.2}% 458
\BOOKMARK [1][-]{section.9.46}{\376\377\0009\000.\0004\0006\000\040\000L\000i\000b\000r\000a\000r\000y\000.\000B\000o\000t\000C\000o\000r\000e\000.\000C\000o\000m\000a\000n\000d\000o\000s\000.\000R\000e\000g\000i\000s\000t\000r\000o\000C\000o\000m\000u\000n\000i\000c\000a\000c\000i\000o\000n\000U\000s\000u\000a\000r\000i\000o\000\040\000C\000l\000a\000s\000s\000\040\000R\000e\000f\000e\000r\000e\000n\000c\000e}{chapter.9}% 459
\BOOKMARK [2][-]{subsection.9.46.1}{\376\377\0009\000.\0004\0006\000.\0001\000\040\000D\000e\000t\000a\000i\000l\000e\000d\000\040\000D\000e\000s\000c\000r\000i\000p\000t\000i\000o\000n}{section.9.46}% 460
\BOOKMARK [2][-]{subsection.9.46.2}{\376\377\0009\000.\0004\0006\000.\0002\000\040\000C\000o\000n\000s\000t\000r\000u\000c\000t\000o\000r\000\040\000\046\000\040\000D\000e\000s\000t\000r\000u\000c\000t\000o\000r\000\040\000D\000o\000c\000u\000m\000e\000n\000t\000a\000t\000i\000o\000n}{section.9.46}% 461
\BOOKMARK [3][-]{subsubsection.9.46.2.1}{\376\377\0009\000.\0004\0006\000.\0002\000.\0001\000\040\000R\000e\000g\000i\000s\000t\000r\000o\000C\000o\000m\000u\000n\000i\000c\000a\000c\000i\000o\000n\000U\000s\000u\000a\000r\000i\000o\000\050\000\051}{subsection.9.46.2}% 462
\BOOKMARK [2][-]{subsection.9.46.3}{\376\377\0009\000.\0004\0006\000.\0003\000\040\000M\000e\000m\000b\000e\000r\000\040\000F\000u\000n\000c\000t\000i\000o\000n\000\040\000D\000o\000c\000u\000m\000e\000n\000t\000a\000t\000i\000o\000n}{section.9.46}% 463
\BOOKMARK [3][-]{subsubsection.9.46.3.1}{\376\377\0009\000.\0004\0006\000.\0003\000.\0001\000\040\000E\000j\000e\000c\000u\000t\000a\000r\000\050\000\051}{subsection.9.46.3}% 464
\BOOKMARK [2][-]{subsection.9.46.4}{\376\377\0009\000.\0004\0006\000.\0004\000\040\000P\000r\000o\000p\000e\000r\000t\000y\000\040\000D\000o\000c\000u\000m\000e\000n\000t\000a\000t\000i\000o\000n}{section.9.46}% 465
\BOOKMARK [3][-]{subsubsection.9.46.4.1}{\376\377\0009\000.\0004\0006\000.\0004\000.\0001\000\040\000D\000e\000s\000c\000r\000i\000p\000c\000i\000o\000n}{subsection.9.46.4}% 466
\BOOKMARK [3][-]{subsubsection.9.46.4.2}{\376\377\0009\000.\0004\0006\000.\0004\000.\0002\000\040\000N\000o\000m\000b\000r\000e}{subsection.9.46.4}% 467
\BOOKMARK [1][-]{section.9.47}{\376\377\0009\000.\0004\0007\000\040\000L\000i\000b\000r\000a\000r\000y\000.\000C\000l\000a\000s\000e\000s\000\137\000t\000i\000p\000o\000s\000.\000R\000e\000u\000n\000i\000o\000n\000\040\000C\000l\000a\000s\000s\000\040\000R\000e\000f\000e\000r\000e\000n\000c\000e}{chapter.9}% 468
\BOOKMARK [2][-]{subsection.9.47.1}{\376\377\0009\000.\0004\0007\000.\0001\000\040\000D\000e\000t\000a\000i\000l\000e\000d\000\040\000D\000e\000s\000c\000r\000i\000p\000t\000i\000o\000n}{section.9.47}% 469
\BOOKMARK [2][-]{subsection.9.47.2}{\376\377\0009\000.\0004\0007\000.\0002\000\040\000M\000e\000m\000b\000e\000r\000\040\000F\000u\000n\000c\000t\000i\000o\000n\000\040\000D\000o\000c\000u\000m\000e\000n\000t\000a\000t\000i\000o\000n}{section.9.47}% 470
\BOOKMARK [3][-]{subsubsection.9.47.2.1}{\376\377\0009\000.\0004\0007\000.\0002\000.\0001\000\040\000A\000g\000r\000e\000g\000a\000r\000D\000e\000s\000c\000r\000i\000p\000c\000i\000o\000n\000\050\000\051}{subsection.9.47.2}% 471
\BOOKMARK [2][-]{subsection.9.47.3}{\376\377\0009\000.\0004\0007\000.\0003\000\040\000P\000r\000o\000p\000e\000r\000t\000y\000\040\000D\000o\000c\000u\000m\000e\000n\000t\000a\000t\000i\000o\000n}{section.9.47}% 472
\BOOKMARK [3][-]{subsubsection.9.47.3.1}{\376\377\0009\000.\0004\0007\000.\0003\000.\0001\000\040\000A\000s\000u\000n\000t\000o}{subsection.9.47.3}% 473
\BOOKMARK [3][-]{subsubsection.9.47.3.2}{\376\377\0009\000.\0004\0007\000.\0003\000.\0002\000\040\000D\000e\000s\000c\000r\000i\000p\000c\000i\000o\000n}{subsection.9.47.3}% 474
\BOOKMARK [3][-]{subsubsection.9.47.3.3}{\376\377\0009\000.\0004\0007\000.\0003\000.\0003\000\040\000F\000e\000c\000h\000a}{subsection.9.47.3}% 475
\BOOKMARK [3][-]{subsubsection.9.47.3.4}{\376\377\0009\000.\0004\0007\000.\0003\000.\0004\000\040\000L\000u\000g\000a\000r}{subsection.9.47.3}% 476
\BOOKMARK [1][-]{section.9.48}{\376\377\0009\000.\0004\0008\000\040\000L\000i\000b\000r\000a\000r\000y\000.\000B\000o\000t\000C\000o\000r\000e\000.\000S\000e\000s\000i\000o\000n\000\040\000C\000l\000a\000s\000s\000\040\000R\000e\000f\000e\000r\000e\000n\000c\000e}{chapter.9}% 477
\BOOKMARK [2][-]{subsection.9.48.1}{\376\377\0009\000.\0004\0008\000.\0001\000\040\000D\000e\000t\000a\000i\000l\000e\000d\000\040\000D\000e\000s\000c\000r\000i\000p\000t\000i\000o\000n}{section.9.48}% 478
\BOOKMARK [2][-]{subsection.9.48.2}{\376\377\0009\000.\0004\0008\000.\0002\000\040\000M\000e\000m\000b\000e\000r\000\040\000F\000u\000n\000c\000t\000i\000o\000n\000\040\000D\000o\000c\000u\000m\000e\000n\000t\000a\000t\000i\000o\000n}{section.9.48}% 479
\BOOKMARK [3][-]{subsubsection.9.48.2.1}{\376\377\0009\000.\0004\0008\000.\0002\000.\0001\000\040\000C\000e\000r\000r\000a\000r\000S\000e\000s\000i\000o\000n\000\050\000\051}{subsection.9.48.2}% 480
\BOOKMARK [3][-]{subsubsection.9.48.2.2}{\376\377\0009\000.\0004\0008\000.\0002\000.\0002\000\040\000I\000n\000i\000c\000i\000a\000r\000S\000e\000s\000i\000o\000n\000\050\000\051}{subsection.9.48.2}% 481
\BOOKMARK [3][-]{subsubsection.9.48.2.3}{\376\377\0009\000.\0004\0008\000.\0002\000.\0003\000\040\000T\000o\000S\000t\000r\000i\000n\000g\000\050\000\051}{subsection.9.48.2}% 482
\BOOKMARK [2][-]{subsection.9.48.3}{\376\377\0009\000.\0004\0008\000.\0003\000\040\000P\000r\000o\000p\000e\000r\000t\000y\000\040\000D\000o\000c\000u\000m\000e\000n\000t\000a\000t\000i\000o\000n}{section.9.48}% 483
\BOOKMARK [3][-]{subsubsection.9.48.3.1}{\376\377\0009\000.\0004\0008\000.\0003\000.\0001\000\040\000E\000s\000t\000a\000L\000o\000g\000e\000a\000d\000o}{subsection.9.48.3}% 484
\BOOKMARK [3][-]{subsubsection.9.48.3.2}{\376\377\0009\000.\0004\0008\000.\0003\000.\0002\000\040\000R\000o\000l}{subsection.9.48.3}% 485
\BOOKMARK [3][-]{subsubsection.9.48.3.3}{\376\377\0009\000.\0004\0008\000.\0003\000.\0003\000\040\000U\000s\000u\000a\000r\000i\000o\000A\000c\000t\000u\000a\000l}{subsection.9.48.3}% 486
\BOOKMARK [1][-]{section.9.49}{\376\377\0009\000.\0004\0009\000\040\000L\000i\000b\000r\000a\000r\000y\000.\000F\000a\000c\000h\000a\000d\000a\000s\000.\000S\000i\000n\000g\000l\000e\000t\000o\000n\000<\000\040\000T\000\040\000>\000\040\000C\000l\000a\000s\000s\000\040\000T\000e\000m\000p\000l\000a\000t\000e\000\040\000R\000e\000f\000e\000r\000e\000n\000c\000e}{chapter.9}% 487
\BOOKMARK [2][-]{subsection.9.49.1}{\376\377\0009\000.\0004\0009\000.\0001\000\040\000D\000e\000t\000a\000i\000l\000e\000d\000\040\000D\000e\000s\000c\000r\000i\000p\000t\000i\000o\000n}{section.9.49}% 488
\BOOKMARK [2][-]{subsection.9.49.2}{\376\377\0009\000.\0004\0009\000.\0002\000\040\000P\000r\000o\000p\000e\000r\000t\000y\000\040\000D\000o\000c\000u\000m\000e\000n\000t\000a\000t\000i\000o\000n}{section.9.49}% 489
\BOOKMARK [3][-]{subsubsection.9.49.2.1}{\376\377\0009\000.\0004\0009\000.\0002\000.\0001\000\040\000I\000n\000s\000t\000a\000n\000c\000i\000a}{subsection.9.49.2}% 490
\BOOKMARK [1][-]{section.9.50}{\376\377\0009\000.\0005\0000\000\040\000L\000i\000b\000r\000a\000r\000y\000.\000B\000o\000t\000C\000o\000r\000e\000.\000C\000o\000m\000a\000n\000d\000o\000s\000.\000S\000u\000s\000p\000e\000n\000d\000e\000r\000U\000s\000u\000a\000r\000i\000o\000A\000d\000m\000i\000n\000\040\000C\000l\000a\000s\000s\000\040\000R\000e\000f\000e\000r\000e\000n\000c\000e}{chapter.9}% 491
\BOOKMARK [2][-]{subsection.9.50.1}{\376\377\0009\000.\0005\0000\000.\0001\000\040\000D\000e\000t\000a\000i\000l\000e\000d\000\040\000D\000e\000s\000c\000r\000i\000p\000t\000i\000o\000n}{section.9.50}% 492
\BOOKMARK [2][-]{subsection.9.50.2}{\376\377\0009\000.\0005\0000\000.\0002\000\040\000C\000o\000n\000s\000t\000r\000u\000c\000t\000o\000r\000\040\000\046\000\040\000D\000e\000s\000t\000r\000u\000c\000t\000o\000r\000\040\000D\000o\000c\000u\000m\000e\000n\000t\000a\000t\000i\000o\000n}{section.9.50}% 493
\BOOKMARK [3][-]{subsubsection.9.50.2.1}{\376\377\0009\000.\0005\0000\000.\0002\000.\0001\000\040\000S\000u\000s\000p\000e\000n\000d\000e\000r\000U\000s\000u\000a\000r\000i\000o\000A\000d\000m\000i\000n\000\050\000\051}{subsection.9.50.2}% 494
\BOOKMARK [2][-]{subsection.9.50.3}{\376\377\0009\000.\0005\0000\000.\0003\000\040\000M\000e\000m\000b\000e\000r\000\040\000F\000u\000n\000c\000t\000i\000o\000n\000\040\000D\000o\000c\000u\000m\000e\000n\000t\000a\000t\000i\000o\000n}{section.9.50}% 495
\BOOKMARK [3][-]{subsubsection.9.50.3.1}{\376\377\0009\000.\0005\0000\000.\0003\000.\0001\000\040\000E\000j\000e\000c\000u\000t\000a\000r\000\050\000\051}{subsection.9.50.3}% 496
\BOOKMARK [2][-]{subsection.9.50.4}{\376\377\0009\000.\0005\0000\000.\0004\000\040\000P\000r\000o\000p\000e\000r\000t\000y\000\040\000D\000o\000c\000u\000m\000e\000n\000t\000a\000t\000i\000o\000n}{section.9.50}% 497
\BOOKMARK [3][-]{subsubsection.9.50.4.1}{\376\377\0009\000.\0005\0000\000.\0004\000.\0001\000\040\000D\000e\000s\000c\000r\000i\000p\000c\000i\000o\000n}{subsection.9.50.4}% 498
\BOOKMARK [3][-]{subsubsection.9.50.4.2}{\376\377\0009\000.\0005\0000\000.\0004\000.\0002\000\040\000N\000o\000m\000b\000r\000e}{subsection.9.50.4}% 499
\BOOKMARK [1][-]{section.9.51}{\376\377\0009\000.\0005\0001\000\040\000L\000i\000b\000r\000a\000r\000y\000.\000T\000e\000s\000t\000s\000.\000T\000e\000s\000t\000s\000\040\000C\000l\000a\000s\000s\000\040\000R\000e\000f\000e\000r\000e\000n\000c\000e}{chapter.9}% 500
\BOOKMARK [2][-]{subsection.9.51.1}{\376\377\0009\000.\0005\0001\000.\0001\000\040\000M\000e\000m\000b\000e\000r\000\040\000F\000u\000n\000c\000t\000i\000o\000n\000\040\000D\000o\000c\000u\000m\000e\000n\000t\000a\000t\000i\000o\000n}{section.9.51}% 501
\BOOKMARK [3][-]{subsubsection.9.51.1.1}{\376\377\0009\000.\0005\0001\000.\0001\000.\0001\000\040\000S\000e\000t\000u\000p\000\050\000\051}{subsection.9.51.1}% 502
\BOOKMARK [3][-]{subsubsection.9.51.1.2}{\376\377\0009\000.\0005\0001\000.\0001\000.\0002\000\040\000T\000e\000s\000t\0001\000\050\000\051}{subsection.9.51.1}% 503
\BOOKMARK [1][-]{section.9.52}{\376\377\0009\000.\0005\0002\000\040\000L\000i\000b\000r\000a\000r\000y\000.\000B\000o\000t\000C\000o\000r\000e\000.\000C\000o\000m\000a\000n\000d\000o\000s\000.\000U\000l\000t\000i\000m\000a\000I\000n\000t\000e\000r\000a\000c\000c\000i\000o\000n\000C\000l\000i\000e\000n\000t\000e\000U\000s\000u\000a\000r\000i\000o\000\040\000C\000l\000a\000s\000s\000\040\000R\000e\000f\000e\000r\000e\000n\000c\000e}{chapter.9}% 504
\BOOKMARK [2][-]{subsection.9.52.1}{\376\377\0009\000.\0005\0002\000.\0001\000\040\000D\000e\000t\000a\000i\000l\000e\000d\000\040\000D\000e\000s\000c\000r\000i\000p\000t\000i\000o\000n}{section.9.52}% 505
\BOOKMARK [2][-]{subsection.9.52.2}{\376\377\0009\000.\0005\0002\000.\0002\000\040\000C\000o\000n\000s\000t\000r\000u\000c\000t\000o\000r\000\040\000\046\000\040\000D\000e\000s\000t\000r\000u\000c\000t\000o\000r\000\040\000D\000o\000c\000u\000m\000e\000n\000t\000a\000t\000i\000o\000n}{section.9.52}% 506
\BOOKMARK [3][-]{subsubsection.9.52.2.1}{\376\377\0009\000.\0005\0002\000.\0002\000.\0001\000\040\000U\000l\000t\000i\000m\000a\000I\000n\000t\000e\000r\000a\000c\000c\000i\000o\000n\000C\000l\000i\000e\000n\000t\000e\000U\000s\000u\000a\000r\000i\000o\000\050\000\051}{subsection.9.52.2}% 507
\BOOKMARK [2][-]{subsection.9.52.3}{\376\377\0009\000.\0005\0002\000.\0003\000\040\000M\000e\000m\000b\000e\000r\000\040\000F\000u\000n\000c\000t\000i\000o\000n\000\040\000D\000o\000c\000u\000m\000e\000n\000t\000a\000t\000i\000o\000n}{section.9.52}% 508
\BOOKMARK [3][-]{subsubsection.9.52.3.1}{\376\377\0009\000.\0005\0002\000.\0003\000.\0001\000\040\000E\000j\000e\000c\000u\000t\000a\000r\000\050\000\051}{subsection.9.52.3}% 509
\BOOKMARK [2][-]{subsection.9.52.4}{\376\377\0009\000.\0005\0002\000.\0004\000\040\000P\000r\000o\000p\000e\000r\000t\000y\000\040\000D\000o\000c\000u\000m\000e\000n\000t\000a\000t\000i\000o\000n}{section.9.52}% 510
\BOOKMARK [3][-]{subsubsection.9.52.4.1}{\376\377\0009\000.\0005\0002\000.\0004\000.\0001\000\040\000D\000e\000s\000c\000r\000i\000p\000c\000i\000o\000n}{subsection.9.52.4}% 511
\BOOKMARK [3][-]{subsubsection.9.52.4.2}{\376\377\0009\000.\0005\0002\000.\0004\000.\0002\000\040\000N\000o\000m\000b\000r\000e}{subsection.9.52.4}% 512
\BOOKMARK [1][-]{section.9.53}{\376\377\0009\000.\0005\0003\000\040\000L\000i\000b\000r\000a\000r\000y\000.\000C\000l\000a\000s\000e\000s\000\137\000p\000r\000i\000n\000c\000i\000p\000a\000l\000e\000s\000.\000U\000s\000u\000a\000r\000i\000o\000\040\000C\000l\000a\000s\000s\000\040\000R\000e\000f\000e\000r\000e\000n\000c\000e}{chapter.9}% 513
\BOOKMARK [2][-]{subsection.9.53.1}{\376\377\0009\000.\0005\0003\000.\0001\000\040\000D\000e\000t\000a\000i\000l\000e\000d\000\040\000D\000e\000s\000c\000r\000i\000p\000t\000i\000o\000n}{section.9.53}% 514
\BOOKMARK [2][-]{subsection.9.53.2}{\376\377\0009\000.\0005\0003\000.\0002\000\040\000C\000o\000n\000s\000t\000r\000u\000c\000t\000o\000r\000\040\000\046\000\040\000D\000e\000s\000t\000r\000u\000c\000t\000o\000r\000\040\000D\000o\000c\000u\000m\000e\000n\000t\000a\000t\000i\000o\000n}{section.9.53}% 515
\BOOKMARK [3][-]{subsubsection.9.53.2.1}{\376\377\0009\000.\0005\0003\000.\0002\000.\0001\000\040\000U\000s\000u\000a\000r\000i\000o\000\050\000\051}{subsection.9.53.2}% 516
\BOOKMARK [2][-]{subsection.9.53.3}{\376\377\0009\000.\0005\0003\000.\0003\000\040\000M\000e\000m\000b\000e\000r\000\040\000F\000u\000n\000c\000t\000i\000o\000n\000\040\000D\000o\000c\000u\000m\000e\000n\000t\000a\000t\000i\000o\000n}{section.9.53}% 517
\BOOKMARK [3][-]{subsubsection.9.53.3.1}{\376\377\0009\000.\0005\0003\000.\0003\000.\0001\000\040\000A\000c\000t\000u\000a\000l\000i\000z\000a\000r\000C\000l\000i\000e\000n\000t\000e\000\050\000\051}{subsection.9.53.3}% 518
\BOOKMARK [3][-]{subsubsection.9.53.3.2}{\376\377\0009\000.\0005\0003\000.\0003\000.\0002\000\040\000A\000g\000r\000e\000g\000a\000r\000D\000e\000s\000c\000r\000i\000p\000c\000i\000o\000n\000A\000E\000m\000a\000i\000l\000\050\000\051}{subsection.9.53.3}% 519
\BOOKMARK [3][-]{subsubsection.9.53.3.3}{\376\377\0009\000.\0005\0003\000.\0003\000.\0003\000\040\000A\000g\000r\000e\000g\000a\000r\000D\000e\000s\000c\000r\000i\000p\000c\000i\000o\000n\000A\000L\000l\000a\000m\000a\000d\000a\000\050\000\051}{subsection.9.53.3}% 520
\BOOKMARK [3][-]{subsubsection.9.53.3.4}{\376\377\0009\000.\0005\0003\000.\0003\000.\0004\000\040\000A\000g\000r\000e\000g\000a\000r\000D\000e\000s\000c\000r\000i\000p\000c\000i\000o\000n\000A\000M\000e\000n\000s\000a\000j\000e\000\050\000\051}{subsection.9.53.3}% 521
\BOOKMARK [3][-]{subsubsection.9.53.3.5}{\376\377\0009\000.\0005\0003\000.\0003\000.\0005\000\040\000A\000g\000r\000e\000g\000a\000r\000D\000e\000s\000c\000r\000i\000p\000c\000i\000o\000n\000A\000R\000e\000u\000n\000i\000o\000n\000\050\000\051}{subsection.9.53.3}% 522
\BOOKMARK [3][-]{subsubsection.9.53.3.6}{\376\377\0009\000.\0005\0003\000.\0003\000.\0006\000\040\000A\000g\000r\000e\000g\000a\000r\000E\000t\000i\000q\000u\000e\000t\000a\000\050\000\051}{subsection.9.53.3}% 523
\BOOKMARK [3][-]{subsubsection.9.53.3.7}{\376\377\0009\000.\0005\0003\000.\0003\000.\0007\000\040\000B\000u\000s\000c\000a\000r\000C\000l\000i\000e\000n\000t\000e\000P\000o\000r\000I\000d\000\050\000\051}{subsection.9.53.3}% 524
\BOOKMARK [3][-]{subsubsection.9.53.3.8}{\376\377\0009\000.\0005\0003\000.\0003\000.\0008\000\040\000B\000u\000s\000c\000a\000r\000C\000l\000i\000e\000n\000t\000e\000s\000\050\000\051}{subsection.9.53.3}% 525
\BOOKMARK [3][-]{subsubsection.9.53.3.9}{\376\377\0009\000.\0005\0003\000.\0003\000.\0009\000\040\000E\000l\000i\000m\000i\000n\000a\000r\000C\000l\000i\000e\000n\000t\000e\000\050\000\051}{subsection.9.53.3}% 526
\BOOKMARK [3][-]{subsubsection.9.53.3.10}{\376\377\0009\000.\0005\0003\000.\0003\000.\0001\0000\000\040\000L\000i\000s\000t\000a\000r\000C\000l\000i\000e\000n\000t\000e\000s\000\050\000\051}{subsection.9.53.3}% 527
\BOOKMARK [3][-]{subsubsection.9.53.3.11}{\376\377\0009\000.\0005\0003\000.\0003\000.\0001\0001\000\040\000M\000o\000d\000i\000f\000i\000c\000a\000r\000C\000l\000i\000e\000n\000t\000e\000\050\000\051}{subsection.9.53.3}% 528
\BOOKMARK [3][-]{subsubsection.9.53.3.12}{\376\377\0009\000.\0005\0003\000.\0003\000.\0001\0002\000\040\000O\000b\000t\000e\000n\000e\000r\000P\000a\000n\000e\000l\000R\000e\000s\000u\000m\000e\000n\000\050\000\051}{subsection.9.53.3}% 529
\BOOKMARK [3][-]{subsubsection.9.53.3.13}{\376\377\0009\000.\0005\0003\000.\0003\000.\0001\0003\000\040\000R\000e\000g\000i\000s\000t\000r\000a\000r\000L\000l\000a\000m\000a\000d\000a\000R\000e\000c\000i\000b\000i\000d\000a\000\050\000\051}{subsection.9.53.3}% 530
\BOOKMARK [3][-]{subsubsection.9.53.3.14}{\376\377\0009\000.\0005\0003\000.\0003\000.\0001\0004\000\040\000R\000e\000g\000i\000s\000t\000r\000a\000r\000M\000e\000n\000s\000a\000j\000e\000R\000e\000c\000i\000b\000i\000d\000o\000\050\000\051}{subsection.9.53.3}% 531
\BOOKMARK [3][-]{subsubsection.9.53.3.15}{\376\377\0009\000.\0005\0003\000.\0003\000.\0001\0005\000\040\000T\000o\000t\000a\000l\000V\000e\000n\000t\000a\000s\000P\000o\000r\000P\000e\000r\000i\000o\000d\000o\000\050\000\051}{subsection.9.53.3}% 532
\BOOKMARK [2][-]{subsection.9.53.4}{\376\377\0009\000.\0005\0003\000.\0004\000\040\000M\000e\000m\000b\000e\000r\000\040\000D\000a\000t\000a\000\040\000D\000o\000c\000u\000m\000e\000n\000t\000a\000t\000i\000o\000n}{section.9.53}% 533
\BOOKMARK [3][-]{subsubsection.9.53.4.1}{\376\377\0009\000.\0005\0003\000.\0004\000.\0001\000\040\000C\000l\000i\000e\000n\000t\000e\000s}{subsection.9.53.4}% 534
\BOOKMARK [3][-]{subsubsection.9.53.4.2}{\376\377\0009\000.\0005\0003\000.\0004\000.\0002\000\040\000E\000t\000i\000q\000u\000e\000t\000a\000s}{subsection.9.53.4}% 535
\BOOKMARK [2][-]{subsection.9.53.5}{\376\377\0009\000.\0005\0003\000.\0005\000\040\000P\000r\000o\000p\000e\000r\000t\000y\000\040\000D\000o\000c\000u\000m\000e\000n\000t\000a\000t\000i\000o\000n}{section.9.53}% 536
\BOOKMARK [3][-]{subsubsection.9.53.5.1}{\376\377\0009\000.\0005\0003\000.\0005\000.\0001\000\040\000C\000l\000a\000v\000e}{subsection.9.53.5}% 537
\BOOKMARK [3][-]{subsubsection.9.53.5.2}{\376\377\0009\000.\0005\0003\000.\0005\000.\0002\000\040\000I\000d}{subsection.9.53.5}% 538
\BOOKMARK [3][-]{subsubsection.9.53.5.3}{\376\377\0009\000.\0005\0003\000.\0005\000.\0003\000\040\000N\000o\000m\000b\000r\000e}{subsection.9.53.5}% 539
\BOOKMARK [3][-]{subsubsection.9.53.5.4}{\376\377\0009\000.\0005\0003\000.\0005\000.\0004\000\040\000S\000u\000s\000p\000e\000n\000d\000i\000d\000o}{subsection.9.53.5}% 540
\BOOKMARK [1][-]{section.9.54}{\376\377\0009\000.\0005\0004\000\040\000L\000i\000b\000r\000a\000r\000y\000.\000T\000e\000s\000t\000s\000.\000U\000s\000u\000a\000r\000i\000o\000T\000e\000s\000t\000s\000\040\000C\000l\000a\000s\000s\000\040\000R\000e\000f\000e\000r\000e\000n\000c\000e}{chapter.9}% 541
\BOOKMARK [2][-]{subsection.9.54.1}{\376\377\0009\000.\0005\0004\000.\0001\000\040\000M\000e\000m\000b\000e\000r\000\040\000F\000u\000n\000c\000t\000i\000o\000n\000\040\000D\000o\000c\000u\000m\000e\000n\000t\000a\000t\000i\000o\000n}{section.9.54}% 542
\BOOKMARK [3][-]{subsubsection.9.54.1.1}{\376\377\0009\000.\0005\0004\000.\0001\000.\0001\000\040\000A\000c\000t\000u\000a\000l\000i\000z\000a\000r\000C\000l\000i\000e\000n\000t\000e\000\137\000C\000o\000n\000L\000l\000a\000m\000a\000d\000a\000\050\000\051}{subsection.9.54.1}% 543
\BOOKMARK [3][-]{subsubsection.9.54.1.2}{\376\377\0009\000.\0005\0004\000.\0001\000.\0002\000\040\000A\000c\000t\000u\000a\000l\000i\000z\000a\000r\000C\000l\000i\000e\000n\000t\000e\000\137\000C\000o\000n\000M\000e\000n\000s\000a\000j\000e\000\050\000\051}{subsection.9.54.1}% 544
\BOOKMARK [3][-]{subsubsection.9.54.1.3}{\376\377\0009\000.\0005\0004\000.\0001\000.\0003\000\040\000A\000c\000t\000u\000a\000l\000i\000z\000a\000r\000C\000l\000i\000e\000n\000t\000e\000\137\000C\000o\000n\000P\000r\000e\000c\000i\000o\000\050\000\051}{subsection.9.54.1}% 545
\BOOKMARK [3][-]{subsubsection.9.54.1.4}{\376\377\0009\000.\0005\0004\000.\0001\000.\0004\000\040\000A\000c\000t\000u\000a\000l\000i\000z\000a\000r\000C\000l\000i\000e\000n\000t\000e\000\137\000C\000o\000n\000R\000e\000u\000n\000i\000o\000n\000\050\000\051}{subsection.9.54.1}% 546
\BOOKMARK [3][-]{subsubsection.9.54.1.5}{\376\377\0009\000.\0005\0004\000.\0001\000.\0005\000\040\000A\000c\000t\000u\000a\000l\000i\000z\000a\000r\000C\000l\000i\000e\000n\000t\000e\000\137\000C\000o\000n\000V\000e\000n\000t\000a\000\050\000\051}{subsection.9.54.1}% 547
\BOOKMARK [3][-]{subsubsection.9.54.1.6}{\376\377\0009\000.\0005\0004\000.\0001\000.\0006\000\040\000A\000g\000r\000e\000g\000a\000r\000D\000e\000s\000c\000r\000i\000p\000c\000i\000o\000n\000A\000E\000m\000a\000i\000l\000\050\000\051}{subsection.9.54.1}% 548
\BOOKMARK [3][-]{subsubsection.9.54.1.7}{\376\377\0009\000.\0005\0004\000.\0001\000.\0007\000\040\000A\000g\000r\000e\000g\000a\000r\000D\000e\000s\000c\000r\000i\000p\000c\000i\000o\000n\000A\000L\000l\000a\000m\000a\000d\000a\000\050\000\051}{subsection.9.54.1}% 549
\BOOKMARK [3][-]{subsubsection.9.54.1.8}{\376\377\0009\000.\0005\0004\000.\0001\000.\0008\000\040\000A\000g\000r\000e\000g\000a\000r\000D\000e\000s\000c\000r\000i\000p\000c\000i\000o\000n\000A\000M\000e\000n\000s\000a\000j\000e\000\050\000\051}{subsection.9.54.1}% 550
\BOOKMARK [3][-]{subsubsection.9.54.1.9}{\376\377\0009\000.\0005\0004\000.\0001\000.\0009\000\040\000A\000g\000r\000e\000g\000a\000r\000D\000e\000s\000c\000r\000i\000p\000c\000i\000o\000n\000A\000R\000e\000u\000n\000i\000o\000n\000\050\000\051}{subsection.9.54.1}% 551
\BOOKMARK [3][-]{subsubsection.9.54.1.10}{\376\377\0009\000.\0005\0004\000.\0001\000.\0001\0000\000\040\000A\000g\000r\000e\000g\000a\000r\000E\000t\000i\000q\000u\000e\000t\000a\000\050\000\051}{subsection.9.54.1}% 552
\BOOKMARK [3][-]{subsubsection.9.54.1.11}{\376\377\0009\000.\0005\0004\000.\0001\000.\0001\0001\000\040\000B\000u\000s\000c\000a\000r\000C\000l\000i\000e\000n\000t\000e\000P\000o\000r\000I\000d\000\050\000\051}{subsection.9.54.1}% 553
\BOOKMARK [3][-]{subsubsection.9.54.1.12}{\376\377\0009\000.\0005\0004\000.\0001\000.\0001\0002\000\040\000E\000l\000i\000m\000i\000n\000a\000r\000C\000l\000i\000e\000n\000t\000e\000\050\000\051}{subsection.9.54.1}% 554
\BOOKMARK [3][-]{subsubsection.9.54.1.13}{\376\377\0009\000.\0005\0004\000.\0001\000.\0001\0003\000\040\000M\000o\000d\000i\000f\000i\000c\000a\000r\000C\000l\000i\000e\000n\000t\000e\000\050\000\051}{subsection.9.54.1}% 555
\BOOKMARK [3][-]{subsubsection.9.54.1.14}{\376\377\0009\000.\0005\0004\000.\0001\000.\0001\0004\000\040\000R\000e\000g\000i\000s\000t\000r\000a\000r\000L\000l\000a\000m\000a\000d\000a\000R\000e\000c\000i\000b\000i\000d\000a\000\050\000\051}{subsection.9.54.1}% 556
\BOOKMARK [3][-]{subsubsection.9.54.1.15}{\376\377\0009\000.\0005\0004\000.\0001\000.\0001\0005\000\040\000R\000e\000g\000i\000s\000t\000r\000a\000r\000M\000e\000n\000s\000a\000j\000e\000R\000e\000c\000i\000b\000i\000d\000o\000\050\000\051}{subsection.9.54.1}% 557
\BOOKMARK [3][-]{subsubsection.9.54.1.16}{\376\377\0009\000.\0005\0004\000.\0001\000.\0001\0006\000\040\000S\000e\000t\000u\000p\000\050\000\051}{subsection.9.54.1}% 558
\BOOKMARK [3][-]{subsubsection.9.54.1.17}{\376\377\0009\000.\0005\0004\000.\0001\000.\0001\0007\000\040\000T\000o\000t\000a\000l\000V\000e\000n\000t\000a\000s\000P\000o\000r\000P\000e\000r\000i\000o\000d\000o\000\050\000\051}{subsection.9.54.1}% 559
\BOOKMARK [1][-]{section.9.55}{\376\377\0009\000.\0005\0005\000\040\000L\000i\000b\000r\000a\000r\000y\000.\000C\000l\000a\000s\000e\000s\000\137\000p\000r\000i\000n\000c\000i\000p\000a\000l\000e\000s\000.\000V\000e\000n\000d\000e\000d\000o\000r\000\040\000C\000l\000a\000s\000s\000\040\000R\000e\000f\000e\000r\000e\000n\000c\000e}{chapter.9}% 560
\BOOKMARK [2][-]{subsection.9.55.1}{\376\377\0009\000.\0005\0005\000.\0001\000\040\000D\000e\000t\000a\000i\000l\000e\000d\000\040\000D\000e\000s\000c\000r\000i\000p\000t\000i\000o\000n}{section.9.55}% 561
\BOOKMARK [2][-]{subsection.9.55.2}{\376\377\0009\000.\0005\0005\000.\0002\000\040\000C\000o\000n\000s\000t\000r\000u\000c\000t\000o\000r\000\040\000\046\000\040\000D\000e\000s\000t\000r\000u\000c\000t\000o\000r\000\040\000D\000o\000c\000u\000m\000e\000n\000t\000a\000t\000i\000o\000n}{section.9.55}% 562
\BOOKMARK [3][-]{subsubsection.9.55.2.1}{\376\377\0009\000.\0005\0005\000.\0002\000.\0001\000\040\000V\000e\000n\000d\000e\000d\000o\000r\000\050\000\051}{subsection.9.55.2}% 563
\BOOKMARK [2][-]{subsection.9.55.3}{\376\377\0009\000.\0005\0005\000.\0003\000\040\000M\000e\000m\000b\000e\000r\000\040\000F\000u\000n\000c\000t\000i\000o\000n\000\040\000D\000o\000c\000u\000m\000e\000n\000t\000a\000t\000i\000o\000n}{section.9.55}% 564
\BOOKMARK [3][-]{subsubsection.9.55.3.1}{\376\377\0009\000.\0005\0005\000.\0003\000.\0001\000\040\000A\000g\000r\000e\000g\000a\000r\000C\000l\000i\000e\000n\000t\000e\000\050\000\051}{subsection.9.55.3}% 565
\BOOKMARK [3][-]{subsubsection.9.55.3.2}{\376\377\0009\000.\0005\0005\000.\0003\000.\0002\000\040\000A\000s\000i\000g\000n\000a\000r\000C\000l\000i\000e\000n\000t\000e\000A\000o\000t\000r\000o\000V\000e\000n\000d\000e\000d\000o\000r\000\050\000\051}{subsection.9.55.3}% 566
\BOOKMARK [3][-]{subsubsection.9.55.3.3}{\376\377\0009\000.\0005\0005\000.\0003\000.\0003\000\040\000B\000u\000s\000c\000a\000r\000C\000l\000i\000e\000n\000t\000e\000P\000o\000r\000I\000d\000\050\000\051}{subsection.9.55.3}% 567
\BOOKMARK [3][-]{subsubsection.9.55.3.4}{\376\377\0009\000.\0005\0005\000.\0003\000.\0004\000\040\000V\000a\000l\000i\000d\000a\000r\000C\000r\000e\000d\000e\000n\000c\000i\000a\000l\000e\000s\000\050\000\051}{subsection.9.55.3}% 568
\BOOKMARK [2][-]{subsection.9.55.4}{\376\377\0009\000.\0005\0005\000.\0004\000\040\000P\000r\000o\000p\000e\000r\000t\000y\000\040\000D\000o\000c\000u\000m\000e\000n\000t\000a\000t\000i\000o\000n}{section.9.55}% 569
\BOOKMARK [3][-]{subsubsection.9.55.4.1}{\376\377\0009\000.\0005\0005\000.\0004\000.\0001\000\040\000C\000l\000a\000v\000e}{subsection.9.55.4}% 570
\BOOKMARK [3][-]{subsubsection.9.55.4.2}{\376\377\0009\000.\0005\0005\000.\0004\000.\0002\000\040\000C\000l\000i\000e\000n\000t\000e\000s}{subsection.9.55.4}% 571
\BOOKMARK [3][-]{subsubsection.9.55.4.3}{\376\377\0009\000.\0005\0005\000.\0004\000.\0003\000\040\000I\000d}{subsection.9.55.4}% 572
\BOOKMARK [3][-]{subsubsection.9.55.4.4}{\376\377\0009\000.\0005\0005\000.\0004\000.\0004\000\040\000N\000o\000m\000b\000r\000e}{subsection.9.55.4}% 573
\BOOKMARK [1][-]{section.9.56}{\376\377\0009\000.\0005\0006\000\040\000L\000i\000b\000r\000a\000r\000y\000.\000T\000e\000s\000t\000s\000.\000V\000e\000n\000d\000e\000d\000o\000r\000T\000e\000s\000t\000s\000\040\000C\000l\000a\000s\000s\000\040\000R\000e\000f\000e\000r\000e\000n\000c\000e}{chapter.9}% 574
\BOOKMARK [2][-]{subsection.9.56.1}{\376\377\0009\000.\0005\0006\000.\0001\000\040\000M\000e\000m\000b\000e\000r\000\040\000F\000u\000n\000c\000t\000i\000o\000n\000\040\000D\000o\000c\000u\000m\000e\000n\000t\000a\000t\000i\000o\000n}{section.9.56}% 575
\BOOKMARK [3][-]{subsubsection.9.56.1.1}{\376\377\0009\000.\0005\0006\000.\0001\000.\0001\000\040\000A\000c\000t\000u\000a\000l\000i\000z\000a\000r\000C\000l\000i\000e\000n\000t\000e\000\137\000C\000o\000n\000R\000e\000u\000n\000i\000o\000n\000\050\000\051}{subsection.9.56.1}% 576
\BOOKMARK [3][-]{subsubsection.9.56.1.2}{\376\377\0009\000.\0005\0006\000.\0001\000.\0002\000\040\000A\000c\000t\000u\000a\000l\000i\000z\000a\000r\000C\000l\000i\000e\000n\000t\000e\000\137\000C\000o\000n\000V\000e\000n\000t\000a\000\050\000\051}{subsection.9.56.1}% 577
\BOOKMARK [3][-]{subsubsection.9.56.1.3}{\376\377\0009\000.\0005\0006\000.\0001\000.\0003\000\040\000A\000s\000i\000g\000n\000a\000r\000C\000l\000i\000e\000n\000t\000e\000A\000o\000t\000r\000o\000V\000e\000n\000d\000e\000d\000o\000r\000\050\000\051}{subsection.9.56.1}% 578
\BOOKMARK [3][-]{subsubsection.9.56.1.4}{\376\377\0009\000.\0005\0006\000.\0001\000.\0004\000\040\000A\000s\000i\000g\000n\000a\000r\000C\000l\000i\000e\000n\000t\000e\000A\000o\000t\000r\000o\000V\000e\000n\000d\000e\000d\000o\000r\000\137\000S\000i\000N\000o\000E\000x\000i\000s\000t\000e\000\050\000\051}{subsection.9.56.1}% 579
\BOOKMARK [3][-]{subsubsection.9.56.1.5}{\376\377\0009\000.\0005\0006\000.\0001\000.\0005\000\040\000L\000i\000s\000t\000a\000r\000C\000l\000i\000e\000n\000t\000e\000s\000\050\000\051}{subsection.9.56.1}% 580
\BOOKMARK [3][-]{subsubsection.9.56.1.6}{\376\377\0009\000.\0005\0006\000.\0001\000.\0006\000\040\000M\000o\000d\000i\000f\000i\000c\000a\000r\000C\000l\000i\000e\000n\000t\000e\000\137\000E\000t\000i\000q\000u\000e\000t\000a\000\050\000\051}{subsection.9.56.1}% 581
\BOOKMARK [3][-]{subsubsection.9.56.1.7}{\376\377\0009\000.\0005\0006\000.\0001\000.\0007\000\040\000S\000e\000t\000u\000p\000\050\000\051}{subsection.9.56.1}% 582
\BOOKMARK [1][-]{section.9.57}{\376\377\0009\000.\0005\0007\000\040\000L\000i\000b\000r\000a\000r\000y\000.\000C\000l\000a\000s\000e\000s\000\137\000t\000i\000p\000o\000s\000.\000V\000e\000n\000t\000a\000\040\000C\000l\000a\000s\000s\000\040\000R\000e\000f\000e\000r\000e\000n\000c\000e}{chapter.9}% 583
\BOOKMARK [2][-]{subsection.9.57.1}{\376\377\0009\000.\0005\0007\000.\0001\000\040\000D\000e\000t\000a\000i\000l\000e\000d\000\040\000D\000e\000s\000c\000r\000i\000p\000t\000i\000o\000n}{section.9.57}% 584
\BOOKMARK [2][-]{subsection.9.57.2}{\376\377\0009\000.\0005\0007\000.\0002\000\040\000P\000r\000o\000p\000e\000r\000t\000y\000\040\000D\000o\000c\000u\000m\000e\000n\000t\000a\000t\000i\000o\000n}{section.9.57}% 585
\BOOKMARK [3][-]{subsubsection.9.57.2.1}{\376\377\0009\000.\0005\0007\000.\0002\000.\0001\000\040\000D\000e\000s\000c\000r\000i\000p\000c\000i\000o\000n}{subsection.9.57.2}% 586
\BOOKMARK [3][-]{subsubsection.9.57.2.2}{\376\377\0009\000.\0005\0007\000.\0002\000.\0002\000\040\000F\000e\000c\000h\000a}{subsection.9.57.2}% 587
\BOOKMARK [3][-]{subsubsection.9.57.2.3}{\376\377\0009\000.\0005\0007\000.\0002\000.\0003\000\040\000P\000r\000e\000c\000i\000o}{subsection.9.57.2}% 588
\BOOKMARK [1][-]{section.9.58}{\376\377\0009\000.\0005\0008\000\040\000L\000i\000b\000r\000a\000r\000y\000.\000C\000l\000a\000s\000e\000s\000\137\000t\000i\000p\000o\000s\000.\000V\000e\000n\000t\000a\000s\000\040\000C\000l\000a\000s\000s\000\040\000R\000e\000f\000e\000r\000e\000n\000c\000e}{chapter.9}% 589
\BOOKMARK [2][-]{subsection.9.58.1}{\376\377\0009\000.\0005\0008\000.\0001\000\040\000D\000e\000t\000a\000i\000l\000e\000d\000\040\000D\000e\000s\000c\000r\000i\000p\000t\000i\000o\000n}{section.9.58}% 590
\BOOKMARK [2][-]{subsection.9.58.2}{\376\377\0009\000.\0005\0008\000.\0002\000\040\000M\000e\000m\000b\000e\000r\000\040\000F\000u\000n\000c\000t\000i\000o\000n\000\040\000D\000o\000c\000u\000m\000e\000n\000t\000a\000t\000i\000o\000n}{section.9.58}% 591
\BOOKMARK [3][-]{subsubsection.9.58.2.1}{\376\377\0009\000.\0005\0008\000.\0002\000.\0001\000\040\000A\000g\000r\000e\000g\000a\000r\000V\000e\000n\000t\000a\000\050\000\051}{subsection.9.58.2}% 592
\BOOKMARK [2][-]{subsection.9.58.3}{\376\377\0009\000.\0005\0008\000.\0003\000\040\000P\000r\000o\000p\000e\000r\000t\000y\000\040\000D\000o\000c\000u\000m\000e\000n\000t\000a\000t\000i\000o\000n}{section.9.58}% 593
\BOOKMARK [3][-]{subsubsection.9.58.3.1}{\376\377\0009\000.\0005\0008\000.\0003\000.\0001\000\040\000L\000i\000s\000t\000a\000V\000e\000n\000t\000a\000s}{subsection.9.58.3}% 594
\BOOKMARK [1][-]{section.9.59}{\376\377\0009\000.\0005\0009\000\040\000L\000i\000b\000r\000a\000r\000y\000.\000B\000o\000t\000C\000o\000r\000e\000.\000C\000o\000m\000a\000n\000d\000o\000s\000.\000V\000e\000r\000P\000a\000n\000e\000l\000R\000e\000s\000u\000m\000e\000n\000U\000s\000u\000a\000r\000i\000o\000\040\000C\000l\000a\000s\000s\000\040\000R\000e\000f\000e\000r\000e\000n\000c\000e}{chapter.9}% 595
\BOOKMARK [2][-]{subsection.9.59.1}{\376\377\0009\000.\0005\0009\000.\0001\000\040\000D\000e\000t\000a\000i\000l\000e\000d\000\040\000D\000e\000s\000c\000r\000i\000p\000t\000i\000o\000n}{section.9.59}% 596
\BOOKMARK [2][-]{subsection.9.59.2}{\376\377\0009\000.\0005\0009\000.\0002\000\040\000C\000o\000n\000s\000t\000r\000u\000c\000t\000o\000r\000\040\000\046\000\040\000D\000e\000s\000t\000r\000u\000c\000t\000o\000r\000\040\000D\000o\000c\000u\000m\000e\000n\000t\000a\000t\000i\000o\000n}{section.9.59}% 597
\BOOKMARK [3][-]{subsubsection.9.59.2.1}{\376\377\0009\000.\0005\0009\000.\0002\000.\0001\000\040\000V\000e\000r\000P\000a\000n\000e\000l\000R\000e\000s\000u\000m\000e\000n\000U\000s\000u\000a\000r\000i\000o\000\050\000\051}{subsection.9.59.2}% 598
\BOOKMARK [2][-]{subsection.9.59.3}{\376\377\0009\000.\0005\0009\000.\0003\000\040\000M\000e\000m\000b\000e\000r\000\040\000F\000u\000n\000c\000t\000i\000o\000n\000\040\000D\000o\000c\000u\000m\000e\000n\000t\000a\000t\000i\000o\000n}{section.9.59}% 599
\BOOKMARK [3][-]{subsubsection.9.59.3.1}{\376\377\0009\000.\0005\0009\000.\0003\000.\0001\000\040\000E\000j\000e\000c\000u\000t\000a\000r\000\050\000\051}{subsection.9.59.3}% 600
\BOOKMARK [2][-]{subsection.9.59.4}{\376\377\0009\000.\0005\0009\000.\0004\000\040\000P\000r\000o\000p\000e\000r\000t\000y\000\040\000D\000o\000c\000u\000m\000e\000n\000t\000a\000t\000i\000o\000n}{section.9.59}% 601
\BOOKMARK [3][-]{subsubsection.9.59.4.1}{\376\377\0009\000.\0005\0009\000.\0004\000.\0001\000\040\000D\000e\000s\000c\000r\000i\000p\000c\000i\000o\000n}{subsection.9.59.4}% 602
\BOOKMARK [3][-]{subsubsection.9.59.4.2}{\376\377\0009\000.\0005\0009\000.\0004\000.\0002\000\040\000N\000o\000m\000b\000r\000e}{subsection.9.59.4}% 603
\BOOKMARK [0][-]{chapter.10}{\376\377\0001\0000\000\040\000F\000i\000l\000e\000\040\000D\000o\000c\000u\000m\000e\000n\000t\000a\000t\000i\000o\000n}{}% 604
\BOOKMARK [1][-]{section.10.1}{\376\377\0001\0000\000.\0001\000\040\000R\000E\000A\000D\000M\000E\000.\000m\000d\000\040\000F\000i\000l\000e\000\040\000R\000e\000f\000e\000r\000e\000n\000c\000e}{chapter.10}% 605
\BOOKMARK [1][-]{section.10.2}{\376\377\0001\0000\000.\0002\000\040\000s\000r\000c\000/\000L\000i\000b\000r\000a\000r\000y\000/\000B\000o\000t\000C\000o\000r\000e\000/\000B\000o\000t\000C\000o\000r\000e\000.\000c\000s\000\040\000F\000i\000l\000e\000\040\000R\000e\000f\000e\000r\000e\000n\000c\000e}{chapter.10}% 606
\BOOKMARK [1][-]{section.10.3}{\376\377\0001\0000\000.\0003\000\040\000s\000r\000c\000/\000L\000i\000b\000r\000a\000r\000y\000/\000B\000o\000t\000C\000o\000r\000e\000/\000C\000o\000m\000a\000n\000d\000o\000s\000/\000A\000g\000r\000e\000g\000a\000r\000E\000t\000i\000q\000u\000e\000t\000a\000C\000l\000i\000e\000n\000t\000e\000U\000s\000u\000a\000r\000i\000o\000.\000c\000s\000\040\000F\000i\000l\000e\000\040\000R\000e\000f\000e\000r\000e\000n\000c\000e}{chapter.10}% 607
\BOOKMARK [1][-]{section.10.4}{\376\377\0001\0000\000.\0004\000\040\000s\000r\000c\000/\000L\000i\000b\000r\000a\000r\000y\000/\000B\000o\000t\000C\000o\000r\000e\000/\000C\000o\000m\000a\000n\000d\000o\000s\000/\000A\000s\000i\000g\000n\000a\000r\000C\000l\000i\000e\000n\000t\000e\000V\000e\000n\000d\000e\000d\000o\000r\000.\000c\000s\000\040\000F\000i\000l\000e\000\040\000R\000e\000f\000e\000r\000e\000n\000c\000e}{chapter.10}% 608
\BOOKMARK [1][-]{section.10.5}{\376\377\0001\0000\000.\0005\000\040\000s\000r\000c\000/\000L\000i\000b\000r\000a\000r\000y\000/\000B\000o\000t\000C\000o\000r\000e\000/\000C\000o\000m\000a\000n\000d\000o\000s\000/\000B\000u\000s\000c\000a\000r\000C\000l\000i\000e\000n\000t\000e\000U\000s\000u\000a\000r\000i\000o\000.\000c\000s\000\040\000F\000i\000l\000e\000\040\000R\000e\000f\000e\000r\000e\000n\000c\000e}{chapter.10}% 609
\BOOKMARK [1][-]{section.10.6}{\376\377\0001\0000\000.\0006\000\040\000s\000r\000c\000/\000L\000i\000b\000r\000a\000r\000y\000/\000B\000o\000t\000C\000o\000r\000e\000/\000C\000o\000m\000a\000n\000d\000o\000s\000/\000C\000o\000n\000t\000a\000c\000t\000o\000P\000e\000n\000d\000i\000e\000n\000t\000e\000C\000l\000i\000e\000n\000t\000e\000U\000s\000u\000a\000r\000i\000o\000.\000c\000s\000\040\000F\000i\000l\000e\000\040\000R\000e\000f\000e\000r\000e\000n\000c\000e}{chapter.10}% 610
\BOOKMARK [1][-]{section.10.7}{\376\377\0001\0000\000.\0007\000\040\000s\000r\000c\000/\000L\000i\000b\000r\000a\000r\000y\000/\000B\000o\000t\000C\000o\000r\000e\000/\000C\000o\000m\000a\000n\000d\000o\000s\000/\000C\000r\000e\000a\000r\000C\000l\000i\000e\000n\000t\000e\000U\000s\000u\000a\000r\000i\000o\000.\000c\000s\000\040\000F\000i\000l\000e\000\040\000R\000e\000f\000e\000r\000e\000n\000c\000e}{chapter.10}% 611
\BOOKMARK [1][-]{section.10.8}{\376\377\0001\0000\000.\0008\000\040\000s\000r\000c\000/\000L\000i\000b\000r\000a\000r\000y\000/\000B\000o\000t\000C\000o\000r\000e\000/\000C\000o\000m\000a\000n\000d\000o\000s\000/\000C\000r\000e\000a\000r\000E\000t\000i\000q\000u\000e\000t\000a\000U\000s\000u\000a\000r\000i\000o\000.\000c\000s\000\040\000F\000i\000l\000e\000\040\000R\000e\000f\000e\000r\000e\000n\000c\000e}{chapter.10}% 612
\BOOKMARK [1][-]{section.10.9}{\376\377\0001\0000\000.\0009\000\040\000s\000r\000c\000/\000L\000i\000b\000r\000a\000r\000y\000/\000B\000o\000t\000C\000o\000r\000e\000/\000C\000o\000m\000a\000n\000d\000o\000s\000/\000C\000r\000e\000a\000r\000U\000s\000u\000a\000r\000i\000o\000A\000d\000m\000i\000n\000.\000c\000s\000\040\000F\000i\000l\000e\000\040\000R\000e\000f\000e\000r\000e\000n\000c\000e}{chapter.10}% 613
\BOOKMARK [1][-]{section.10.10}{\376\377\0001\0000\000.\0001\0000\000\040\000s\000r\000c\000/\000L\000i\000b\000r\000a\000r\000y\000/\000B\000o\000t\000C\000o\000r\000e\000/\000C\000o\000m\000a\000n\000d\000o\000s\000/\000C\000r\000e\000a\000r\000V\000e\000n\000d\000e\000d\000o\000r\000U\000s\000u\000a\000r\000i\000o\000.\000c\000s\000\040\000F\000i\000l\000e\000\040\000R\000e\000f\000e\000r\000e\000n\000c\000e}{chapter.10}% 614
\BOOKMARK [1][-]{section.10.11}{\376\377\0001\0000\000.\0001\0001\000\040\000s\000r\000c\000/\000L\000i\000b\000r\000a\000r\000y\000/\000B\000o\000t\000C\000o\000r\000e\000/\000C\000o\000m\000a\000n\000d\000o\000s\000/\000E\000l\000i\000m\000i\000n\000a\000r\000C\000l\000i\000e\000n\000t\000e\000U\000s\000u\000a\000r\000i\000o\000.\000c\000s\000\040\000F\000i\000l\000e\000\040\000R\000e\000f\000e\000r\000e\000n\000c\000e}{chapter.10}% 615
\BOOKMARK [1][-]{section.10.12}{\376\377\0001\0000\000.\0001\0002\000\040\000s\000r\000c\000/\000L\000i\000b\000r\000a\000r\000y\000/\000B\000o\000t\000C\000o\000r\000e\000/\000C\000o\000m\000a\000n\000d\000o\000s\000/\000E\000l\000i\000m\000i\000n\000a\000r\000U\000s\000u\000a\000r\000i\000o\000A\000d\000m\000i\000n\000.\000c\000s\000\040\000F\000i\000l\000e\000\040\000R\000e\000f\000e\000r\000e\000n\000c\000e}{chapter.10}% 616
\BOOKMARK [1][-]{section.10.13}{\376\377\0001\0000\000.\0001\0003\000\040\000s\000r\000c\000/\000L\000i\000b\000r\000a\000r\000y\000/\000B\000o\000t\000C\000o\000r\000e\000/\000C\000o\000m\000a\000n\000d\000o\000s\000/\000I\000n\000t\000e\000r\000a\000c\000c\000i\000o\000n\000e\000s\000C\000l\000i\000e\000n\000t\000e\000U\000s\000u\000a\000r\000i\000o\000.\000c\000s\000\040\000F\000i\000l\000e\000\040\000R\000e\000f\000e\000r\000e\000n\000c\000e}{chapter.10}% 617
\BOOKMARK [1][-]{section.10.14}{\376\377\0001\0000\000.\0001\0004\000\040\000s\000r\000c\000/\000L\000i\000b\000r\000a\000r\000y\000/\000B\000o\000t\000C\000o\000r\000e\000/\000C\000o\000m\000a\000n\000d\000o\000s\000/\000L\000i\000s\000t\000a\000r\000C\000l\000i\000e\000n\000t\000e\000s\000U\000s\000u\000a\000r\000i\000o\000.\000c\000s\000\040\000F\000i\000l\000e\000\040\000R\000e\000f\000e\000r\000e\000n\000c\000e}{chapter.10}% 618
\BOOKMARK [1][-]{section.10.15}{\376\377\0001\0000\000.\0001\0005\000\040\000s\000r\000c\000/\000L\000i\000b\000r\000a\000r\000y\000/\000B\000o\000t\000C\000o\000r\000e\000/\000C\000o\000m\000a\000n\000d\000o\000s\000/\000L\000i\000s\000t\000a\000r\000C\000l\000i\000e\000n\000t\000e\000s\000V\000e\000n\000d\000e\000d\000o\000r\000.\000c\000s\000\040\000F\000i\000l\000e\000\040\000R\000e\000f\000e\000r\000e\000n\000c\000e}{chapter.10}% 619
\BOOKMARK [1][-]{section.10.16}{\376\377\0001\0000\000.\0001\0006\000\040\000s\000r\000c\000/\000L\000i\000b\000r\000a\000r\000y\000/\000B\000o\000t\000C\000o\000r\000e\000/\000C\000o\000m\000a\000n\000d\000o\000s\000/\000L\000i\000s\000t\000a\000r\000V\000e\000n\000d\000e\000d\000o\000r\000e\000s\000V\000e\000n\000d\000e\000d\000o\000r\000U\000s\000u\000a\000r\000i\000o\000.\000c\000s\000\040\000F\000i\000l\000e\000\040\000R\000e\000f\000e\000r\000e\000n\000c\000e}{chapter.10}% 620
\BOOKMARK [1][-]{section.10.17}{\376\377\0001\0000\000.\0001\0007\000\040\000s\000r\000c\000/\000L\000i\000b\000r\000a\000r\000y\000/\000B\000o\000t\000C\000o\000r\000e\000/\000C\000o\000m\000a\000n\000d\000o\000s\000/\000L\000o\000g\000i\000n\000.\000c\000s\000\040\000F\000i\000l\000e\000\040\000R\000e\000f\000e\000r\000e\000n\000c\000e}{chapter.10}% 621
\BOOKMARK [1][-]{section.10.18}{\376\377\0001\0000\000.\0001\0008\000\040\000s\000r\000c\000/\000L\000i\000b\000r\000a\000r\000y\000/\000B\000o\000t\000C\000o\000r\000e\000/\000C\000o\000m\000a\000n\000d\000o\000s\000/\000L\000o\000g\000o\000u\000t\000.\000c\000s\000\040\000F\000i\000l\000e\000\040\000R\000e\000f\000e\000r\000e\000n\000c\000e}{chapter.10}% 622
\BOOKMARK [1][-]{section.10.19}{\376\377\0001\0000\000.\0001\0009\000\040\000s\000r\000c\000/\000L\000i\000b\000r\000a\000r\000y\000/\000B\000o\000t\000C\000o\000r\000e\000/\000C\000o\000m\000a\000n\000d\000o\000s\000/\000M\000o\000d\000i\000f\000i\000c\000a\000r\000C\000l\000i\000e\000n\000t\000e\000U\000s\000u\000a\000r\000i\000o\000.\000c\000s\000\040\000F\000i\000l\000e\000\040\000R\000e\000f\000e\000r\000e\000n\000c\000e}{chapter.10}% 623
\BOOKMARK [1][-]{section.10.20}{\376\377\0001\0000\000.\0002\0000\000\040\000s\000r\000c\000/\000L\000i\000b\000r\000a\000r\000y\000/\000B\000o\000t\000C\000o\000r\000e\000/\000C\000o\000m\000a\000n\000d\000o\000s\000/\000P\000r\000o\000m\000e\000d\000i\000o\000V\000e\000n\000t\000a\000s\000U\000s\000u\000a\000r\000i\000o\000.\000c\000s\000\040\000F\000i\000l\000e\000\040\000R\000e\000f\000e\000r\000e\000n\000c\000e}{chapter.10}% 624
\BOOKMARK [1][-]{section.10.21}{\376\377\0001\0000\000.\0002\0001\000\040\000s\000r\000c\000/\000L\000i\000b\000r\000a\000r\000y\000/\000B\000o\000t\000C\000o\000r\000e\000/\000C\000o\000m\000a\000n\000d\000o\000s\000/\000R\000e\000g\000i\000s\000t\000r\000a\000r\000C\000o\000t\000i\000z\000a\000c\000i\000o\000n\000C\000l\000i\000e\000n\000t\000e\000U\000s\000u\000a\000r\000i\000o\000.\000c\000s\000\040\000F\000i\000l\000e\000\040\000R\000e\000f\000e\000r\000e\000n\000c\000e}{chapter.10}% 625
\BOOKMARK [1][-]{section.10.22}{\376\377\0001\0000\000.\0002\0002\000\040\000s\000r\000c\000/\000L\000i\000b\000r\000a\000r\000y\000/\000B\000o\000t\000C\000o\000r\000e\000/\000C\000o\000m\000a\000n\000d\000o\000s\000/\000R\000e\000g\000i\000s\000t\000r\000a\000r\000V\000e\000n\000t\000a\000C\000l\000i\000e\000n\000t\000e\000U\000s\000u\000a\000r\000i\000o\000.\000c\000s\000\040\000F\000i\000l\000e\000\040\000R\000e\000f\000e\000r\000e\000n\000c\000e}{chapter.10}% 626
\BOOKMARK [1][-]{section.10.23}{\376\377\0001\0000\000.\0002\0003\000\040\000s\000r\000c\000/\000L\000i\000b\000r\000a\000r\000y\000/\000B\000o\000t\000C\000o\000r\000e\000/\000C\000o\000m\000a\000n\000d\000o\000s\000/\000R\000e\000g\000i\000s\000t\000r\000o\000C\000o\000m\000u\000n\000i\000c\000a\000c\000i\000o\000n\000U\000s\000u\000a\000r\000i\000o\000.\000c\000s\000\040\000F\000i\000l\000e\000\040\000R\000e\000f\000e\000r\000e\000n\000c\000e}{chapter.10}% 627
\BOOKMARK [1][-]{section.10.24}{\376\377\0001\0000\000.\0002\0004\000\040\000s\000r\000c\000/\000L\000i\000b\000r\000a\000r\000y\000/\000B\000o\000t\000C\000o\000r\000e\000/\000C\000o\000m\000a\000n\000d\000o\000s\000/\000S\000u\000s\000p\000e\000n\000d\000e\000r\000U\000s\000u\000a\000r\000i\000o\000A\000d\000m\000i\000n\000.\000c\000s\000\040\000F\000i\000l\000e\000\040\000R\000e\000f\000e\000r\000e\000n\000c\000e}{chapter.10}% 628
\BOOKMARK [1][-]{section.10.25}{\376\377\0001\0000\000.\0002\0005\000\040\000s\000r\000c\000/\000L\000i\000b\000r\000a\000r\000y\000/\000B\000o\000t\000C\000o\000r\000e\000/\000C\000o\000m\000a\000n\000d\000o\000s\000/\000U\000l\000t\000i\000m\000a\000I\000n\000t\000e\000r\000a\000c\000c\000i\000o\000n\000C\000l\000i\000e\000n\000t\000e\000U\000s\000u\000a\000r\000i\000o\000.\000c\000s\000\040\000F\000i\000l\000e\000\040\000R\000e\000f\000e\000r\000e\000n\000c\000e}{chapter.10}% 629
\BOOKMARK [1][-]{section.10.26}{\376\377\0001\0000\000.\0002\0006\000\040\000s\000r\000c\000/\000L\000i\000b\000r\000a\000r\000y\000/\000B\000o\000t\000C\000o\000r\000e\000/\000C\000o\000m\000a\000n\000d\000o\000s\000/\000V\000e\000r\000P\000a\000n\000e\000l\000R\000e\000s\000u\000m\000e\000n\000U\000s\000u\000a\000r\000i\000o\000.\000c\000s\000\040\000F\000i\000l\000e\000\040\000R\000e\000f\000e\000r\000e\000n\000c\000e}{chapter.10}% 630
\BOOKMARK [1][-]{section.10.27}{\376\377\0001\0000\000.\0002\0007\000\040\000s\000r\000c\000/\000L\000i\000b\000r\000a\000r\000y\000/\000B\000o\000t\000C\000o\000r\000e\000/\000I\000n\000t\000e\000r\000f\000a\000c\000e\000s\000/\000I\000B\000o\000t\000C\000o\000m\000m\000a\000n\000d\000.\000c\000s\000\040\000F\000i\000l\000e\000\040\000R\000e\000f\000e\000r\000e\000n\000c\000e}{chapter.10}% 631
\BOOKMARK [1][-]{section.10.28}{\376\377\0001\0000\000.\0002\0008\000\040\000s\000r\000c\000/\000L\000i\000b\000r\000a\000r\000y\000/\000B\000o\000t\000C\000o\000r\000e\000/\000I\000n\000t\000e\000r\000f\000a\000c\000e\000s\000/\000I\000M\000e\000s\000s\000a\000g\000e\000C\000o\000n\000t\000e\000x\000t\000.\000c\000s\000\040\000F\000i\000l\000e\000\040\000R\000e\000f\000e\000r\000e\000n\000c\000e}{chapter.10}% 632
\BOOKMARK [1][-]{section.10.29}{\376\377\0001\0000\000.\0002\0009\000\040\000s\000r\000c\000/\000L\000i\000b\000r\000a\000r\000y\000/\000B\000o\000t\000C\000o\000r\000e\000/\000M\000e\000n\000s\000a\000j\000e\000D\000e\000C\000o\000n\000s\000o\000l\000a\000.\000c\000s\000\040\000F\000i\000l\000e\000\040\000R\000e\000f\000e\000r\000e\000n\000c\000e}{chapter.10}% 633
\BOOKMARK [1][-]{section.10.30}{\376\377\0001\0000\000.\0003\0000\000\040\000s\000r\000c\000/\000L\000i\000b\000r\000a\000r\000y\000/\000B\000o\000t\000C\000o\000r\000e\000/\000S\000e\000s\000i\000o\000n\000.\000c\000s\000\040\000F\000i\000l\000e\000\040\000R\000e\000f\000e\000r\000e\000n\000c\000e}{chapter.10}% 634
\BOOKMARK [1][-]{section.10.31}{\376\377\0001\0000\000.\0003\0001\000\040\000s\000r\000c\000/\000L\000i\000b\000r\000a\000r\000y\000/\000C\000l\000a\000s\000e\000s\000\040\000p\000r\000i\000n\000c\000i\000p\000a\000l\000e\000s\000/\000A\000d\000m\000i\000n\000i\000s\000t\000r\000a\000d\000o\000r\000.\000c\000s\000\040\000F\000i\000l\000e\000\040\000R\000e\000f\000e\000r\000e\000n\000c\000e}{chapter.10}% 635
\BOOKMARK [1][-]{section.10.32}{\376\377\0001\0000\000.\0003\0002\000\040\000s\000r\000c\000/\000L\000i\000b\000r\000a\000r\000y\000/\000C\000l\000a\000s\000e\000s\000\040\000p\000r\000i\000n\000c\000i\000p\000a\000l\000e\000s\000/\000C\000l\000i\000e\000n\000t\000e\000.\000c\000s\000\040\000F\000i\000l\000e\000\040\000R\000e\000f\000e\000r\000e\000n\000c\000e}{chapter.10}% 636
\BOOKMARK [1][-]{section.10.33}{\376\377\0001\0000\000.\0003\0003\000\040\000s\000r\000c\000/\000L\000i\000b\000r\000a\000r\000y\000/\000C\000l\000a\000s\000e\000s\000\040\000p\000r\000i\000n\000c\000i\000p\000a\000l\000e\000s\000/\000P\000a\000n\000e\000l\000R\000e\000s\000u\000m\000e\000n\000.\000c\000s\000\040\000F\000i\000l\000e\000\040\000R\000e\000f\000e\000r\000e\000n\000c\000e}{chapter.10}% 637
\BOOKMARK [1][-]{section.10.34}{\376\377\0001\0000\000.\0003\0004\000\040\000s\000r\000c\000/\000L\000i\000b\000r\000a\000r\000y\000/\000C\000l\000a\000s\000e\000s\000\040\000p\000r\000i\000n\000c\000i\000p\000a\000l\000e\000s\000/\000R\000e\000g\000i\000s\000t\000r\000o\000C\000l\000i\000e\000n\000t\000e\000.\000c\000s\000\040\000F\000i\000l\000e\000\040\000R\000e\000f\000e\000r\000e\000n\000c\000e}{chapter.10}% 638
\BOOKMARK [1][-]{section.10.35}{\376\377\0001\0000\000.\0003\0005\000\040\000s\000r\000c\000/\000L\000i\000b\000r\000a\000r\000y\000/\000C\000l\000a\000s\000e\000s\000\040\000p\000r\000i\000n\000c\000i\000p\000a\000l\000e\000s\000/\000U\000s\000u\000a\000r\000i\000o\000.\000c\000s\000\040\000F\000i\000l\000e\000\040\000R\000e\000f\000e\000r\000e\000n\000c\000e}{chapter.10}% 639
\BOOKMARK [1][-]{section.10.36}{\376\377\0001\0000\000.\0003\0006\000\040\000s\000r\000c\000/\000L\000i\000b\000r\000a\000r\000y\000/\000C\000l\000a\000s\000e\000s\000\040\000p\000r\000i\000n\000c\000i\000p\000a\000l\000e\000s\000/\000V\000e\000n\000d\000e\000d\000o\000r\000.\000c\000s\000\040\000F\000i\000l\000e\000\040\000R\000e\000f\000e\000r\000e\000n\000c\000e}{chapter.10}% 640
\BOOKMARK [1][-]{section.10.37}{\376\377\0001\0000\000.\0003\0007\000\040\000s\000r\000c\000/\000L\000i\000b\000r\000a\000r\000y\000/\000C\000l\000a\000s\000e\000s\000\040\000t\000i\000p\000o\000s\000/\000E\000m\000a\000i\000l\000.\000c\000s\000\040\000F\000i\000l\000e\000\040\000R\000e\000f\000e\000r\000e\000n\000c\000e}{chapter.10}% 641
\BOOKMARK [1][-]{section.10.38}{\376\377\0001\0000\000.\0003\0008\000\040\000s\000r\000c\000/\000L\000i\000b\000r\000a\000r\000y\000/\000C\000l\000a\000s\000e\000s\000\040\000t\000i\000p\000o\000s\000/\000E\000m\000a\000i\000l\000s\000.\000c\000s\000\040\000F\000i\000l\000e\000\040\000R\000e\000f\000e\000r\000e\000n\000c\000e}{chapter.10}% 642
\BOOKMARK [1][-]{section.10.39}{\376\377\0001\0000\000.\0003\0009\000\040\000s\000r\000c\000/\000L\000i\000b\000r\000a\000r\000y\000/\000C\000l\000a\000s\000e\000s\000\040\000t\000i\000p\000o\000s\000/\000L\000l\000a\000m\000a\000d\000a\000.\000c\000s\000\040\000F\000i\000l\000e\000\040\000R\000e\000f\000e\000r\000e\000n\000c\000e}{chapter.10}% 643
\BOOKMARK [1][-]{section.10.40}{\376\377\0001\0000\000.\0004\0000\000\040\000s\000r\000c\000/\000L\000i\000b\000r\000a\000r\000y\000/\000C\000l\000a\000s\000e\000s\000\040\000t\000i\000p\000o\000s\000/\000L\000l\000a\000m\000a\000d\000a\000s\000.\000c\000s\000\040\000F\000i\000l\000e\000\040\000R\000e\000f\000e\000r\000e\000n\000c\000e}{chapter.10}% 644
\BOOKMARK [1][-]{section.10.41}{\376\377\0001\0000\000.\0004\0001\000\040\000s\000r\000c\000/\000L\000i\000b\000r\000a\000r\000y\000/\000C\000l\000a\000s\000e\000s\000\040\000t\000i\000p\000o\000s\000/\000M\000e\000n\000s\000a\000j\000e\000.\000c\000s\000\040\000F\000i\000l\000e\000\040\000R\000e\000f\000e\000r\000e\000n\000c\000e}{chapter.10}% 645
\BOOKMARK [1][-]{section.10.42}{\376\377\0001\0000\000.\0004\0002\000\040\000s\000r\000c\000/\000L\000i\000b\000r\000a\000r\000y\000/\000C\000l\000a\000s\000e\000s\000\040\000t\000i\000p\000o\000s\000/\000M\000e\000n\000s\000a\000j\000e\000s\000.\000c\000s\000\040\000F\000i\000l\000e\000\040\000R\000e\000f\000e\000r\000e\000n\000c\000e}{chapter.10}% 646
\BOOKMARK [1][-]{section.10.43}{\376\377\0001\0000\000.\0004\0003\000\040\000s\000r\000c\000/\000L\000i\000b\000r\000a\000r\000y\000/\000C\000l\000a\000s\000e\000s\000\040\000t\000i\000p\000o\000s\000/\000P\000r\000e\000c\000i\000o\000.\000c\000s\000\040\000F\000i\000l\000e\000\040\000R\000e\000f\000e\000r\000e\000n\000c\000e}{chapter.10}% 647
\BOOKMARK [1][-]{section.10.44}{\376\377\0001\0000\000.\0004\0004\000\040\000s\000r\000c\000/\000L\000i\000b\000r\000a\000r\000y\000/\000C\000l\000a\000s\000e\000s\000\040\000t\000i\000p\000o\000s\000/\000R\000e\000u\000n\000i\000o\000n\000.\000c\000s\000\040\000F\000i\000l\000e\000\040\000R\000e\000f\000e\000r\000e\000n\000c\000e}{chapter.10}% 648
\BOOKMARK [1][-]{section.10.45}{\376\377\0001\0000\000.\0004\0005\000\040\000s\000r\000c\000/\000L\000i\000b\000r\000a\000r\000y\000/\000C\000l\000a\000s\000e\000s\000\040\000t\000i\000p\000o\000s\000/\000V\000e\000n\000t\000a\000.\000c\000s\000\040\000F\000i\000l\000e\000\040\000R\000e\000f\000e\000r\000e\000n\000c\000e}{chapter.10}% 649
\BOOKMARK [1][-]{section.10.46}{\376\377\0001\0000\000.\0004\0006\000\040\000s\000r\000c\000/\000L\000i\000b\000r\000a\000r\000y\000/\000C\000l\000a\000s\000e\000s\000\040\000t\000i\000p\000o\000s\000/\000V\000e\000n\000t\000a\000s\000.\000c\000s\000\040\000F\000i\000l\000e\000\040\000R\000e\000f\000e\000r\000e\000n\000c\000e}{chapter.10}% 650
\BOOKMARK [1][-]{section.10.47}{\376\377\0001\0000\000.\0004\0007\000\040\000s\000r\000c\000/\000L\000i\000b\000r\000a\000r\000y\000/\000F\000a\000c\000h\000a\000d\000a\000s\000/\000F\000a\000c\000h\000a\000d\000a\000.\000c\000s\000\040\000F\000i\000l\000e\000\040\000R\000e\000f\000e\000r\000e\000n\000c\000e}{chapter.10}% 651
\BOOKMARK [1][-]{section.10.48}{\376\377\0001\0000\000.\0004\0008\000\040\000s\000r\000c\000/\000L\000i\000b\000r\000a\000r\000y\000/\000F\000a\000c\000h\000a\000d\000a\000s\000/\000F\000a\000c\000h\000a\000d\000a\000R\000e\000g\000i\000s\000t\000r\000o\000.\000c\000s\000\040\000F\000i\000l\000e\000\040\000R\000e\000f\000e\000r\000e\000n\000c\000e}{chapter.10}% 652
\BOOKMARK [1][-]{section.10.49}{\376\377\0001\0000\000.\0004\0009\000\040\000s\000r\000c\000/\000L\000i\000b\000r\000a\000r\000y\000/\000F\000a\000c\000h\000a\000d\000a\000s\000/\000S\000i\000n\000g\000l\000e\000t\000o\000n\000.\000c\000s\000\040\000F\000i\000l\000e\000\040\000R\000e\000f\000e\000r\000e\000n\000c\000e}{chapter.10}% 653
\BOOKMARK [1][-]{section.10.50}{\376\377\0001\0000\000.\0005\0000\000\040\000s\000r\000c\000/\000L\000i\000b\000r\000a\000r\000y\000/\000o\000b\000j\000/\000D\000e\000b\000u\000g\000/\000n\000e\000t\0009\000.\0000\000/\000.\000N\000E\000T\000C\000o\000r\000e\000A\000p\000p\000,\000V\000e\000r\000s\000i\000o\000n\000=\000v\0009\000.\0000\000.\000A\000s\000s\000e\000m\000b\000l\000y\000A\000t\000t\000r\000i\000b\000u\000t\000e\000s\000.\000c\000s\000\040\000F\000i\000l\000e\000\040\000R\000e\000f\000e\000r\000e\000n\000c\000e}{chapter.10}% 654
\BOOKMARK [1][-]{section.10.51}{\376\377\0001\0000\000.\0005\0001\000\040\000s\000r\000c\000/\000P\000r\000o\000g\000r\000a\000m\000/\000o\000b\000j\000/\000D\000e\000b\000u\000g\000/\000n\000e\000t\0009\000.\0000\000/\000.\000N\000E\000T\000C\000o\000r\000e\000A\000p\000p\000,\000V\000e\000r\000s\000i\000o\000n\000=\000v\0009\000.\0000\000.\000A\000s\000s\000e\000m\000b\000l\000y\000A\000t\000t\000r\000i\000b\000u\000t\000e\000s\000.\000c\000s\000\040\000F\000i\000l\000e\000\040\000R\000e\000f\000e\000r\000e\000n\000c\000e}{chapter.10}% 655
\BOOKMARK [1][-]{section.10.52}{\376\377\0001\0000\000.\0005\0002\000\040\000t\000e\000s\000t\000/\000L\000i\000b\000r\000a\000r\000y\000.\000T\000e\000s\000t\000s\000/\000o\000b\000j\000/\000D\000e\000b\000u\000g\000/\000n\000e\000t\0009\000.\0000\000/\000.\000N\000E\000T\000C\000o\000r\000e\000A\000p\000p\000,\000V\000e\000r\000s\000i\000o\000n\000=\000v\0009\000.\0000\000.\000A\000s\000s\000e\000m\000b\000l\000y\000A\000t\000t\000r\000i\000b\000u\000t\000e\000s\000.\000c\000s\000\040\000F\000i\000l\000e\000\040\000R\000e\000f\000e\000r\000e\000n\000c\000e}{chapter.10}% 656
\BOOKMARK [1][-]{section.10.53}{\376\377\0001\0000\000.\0005\0003\000\040\000s\000r\000c\000/\000L\000i\000b\000r\000a\000r\000y\000/\000o\000b\000j\000/\000D\000e\000b\000u\000g\000/\000n\000e\000t\0009\000.\0000\000/\000L\000i\000b\000r\000a\000r\000y\000.\000A\000s\000s\000e\000m\000b\000l\000y\000I\000n\000f\000o\000.\000c\000s\000\040\000F\000i\000l\000e\000\040\000R\000e\000f\000e\000r\000e\000n\000c\000e}{chapter.10}% 657
\BOOKMARK [1][-]{section.10.54}{\376\377\0001\0000\000.\0005\0004\000\040\000s\000r\000c\000/\000L\000i\000b\000r\000a\000r\000y\000/\000o\000b\000j\000/\000D\000e\000b\000u\000g\000/\000n\000e\000t\0009\000.\0000\000/\000L\000i\000b\000r\000a\000r\000y\000.\000G\000l\000o\000b\000a\000l\000U\000s\000i\000n\000g\000s\000.\000g\000.\000c\000s\000\040\000F\000i\000l\000e\000\040\000R\000e\000f\000e\000r\000e\000n\000c\000e}{chapter.10}% 658
\BOOKMARK [1][-]{section.10.55}{\376\377\0001\0000\000.\0005\0005\000\040\000s\000r\000c\000/\000L\000i\000b\000r\000a\000r\000y\000/\000P\000u\000e\000n\000t\000e\000D\000i\000s\000c\000o\000r\000d\000/\000A\000c\000t\000i\000v\000e\000C\000o\000n\000t\000e\000x\000t\000M\000a\000n\000a\000g\000e\000r\000.\000c\000s\000\040\000F\000i\000l\000e\000\040\000R\000e\000f\000e\000r\000e\000n\000c\000e}{chapter.10}% 659
\BOOKMARK [1][-]{section.10.56}{\376\377\0001\0000\000.\0005\0006\000\040\000s\000r\000c\000/\000L\000i\000b\000r\000a\000r\000y\000/\000P\000u\000e\000n\000t\000e\000D\000i\000s\000c\000o\000r\000d\000/\000B\000o\000t\000D\000i\000s\000c\000o\000r\000d\000B\000r\000i\000d\000g\000e\000.\000c\000s\000\040\000F\000i\000l\000e\000\040\000R\000e\000f\000e\000r\000e\000n\000c\000e}{chapter.10}% 660
\BOOKMARK [1][-]{section.10.57}{\376\377\0001\0000\000.\0005\0007\000\040\000s\000r\000c\000/\000L\000i\000b\000r\000a\000r\000y\000/\000P\000u\000e\000n\000t\000e\000D\000i\000s\000c\000o\000r\000d\000/\000D\000i\000s\000c\000o\000r\000d\000M\000e\000s\000s\000a\000g\000e\000C\000o\000n\000t\000e\000x\000t\000.\000c\000s\000\040\000F\000i\000l\000e\000\040\000R\000e\000f\000e\000r\000e\000n\000c\000e}{chapter.10}% 661
\BOOKMARK [1][-]{section.10.58}{\376\377\0001\0000\000.\0005\0008\000\040\000s\000r\000c\000/\000P\000r\000o\000g\000r\000a\000m\000/\000o\000b\000j\000/\000D\000e\000b\000u\000g\000/\000n\000e\000t\0009\000.\0000\000/\000P\000r\000o\000g\000r\000a\000m\000.\000A\000s\000s\000e\000m\000b\000l\000y\000I\000n\000f\000o\000.\000c\000s\000\040\000F\000i\000l\000e\000\040\000R\000e\000f\000e\000r\000e\000n\000c\000e}{chapter.10}% 662
\BOOKMARK [1][-]{section.10.59}{\376\377\0001\0000\000.\0005\0009\000\040\000s\000r\000c\000/\000P\000r\000o\000g\000r\000a\000m\000/\000o\000b\000j\000/\000D\000e\000b\000u\000g\000/\000n\000e\000t\0009\000.\0000\000/\000P\000r\000o\000g\000r\000a\000m\000.\000G\000l\000o\000b\000a\000l\000U\000s\000i\000n\000g\000s\000.\000g\000.\000c\000s\000\040\000F\000i\000l\000e\000\040\000R\000e\000f\000e\000r\000e\000n\000c\000e}{chapter.10}% 663
\BOOKMARK [1][-]{section.10.60}{\376\377\0001\0000\000.\0006\0000\000\040\000s\000r\000c\000/\000P\000r\000o\000g\000r\000a\000m\000/\000P\000r\000o\000g\000r\000a\000m\000.\000c\000s\000\040\000F\000i\000l\000e\000\040\000R\000e\000f\000e\000r\000e\000n\000c\000e}{chapter.10}% 664
\BOOKMARK [1][-]{section.10.61}{\376\377\0001\0000\000.\0006\0001\000\040\000t\000e\000s\000t\000/\000L\000i\000b\000r\000a\000r\000y\000.\000T\000e\000s\000t\000s\000/\000o\000b\000j\000/\000D\000e\000b\000u\000g\000/\000n\000e\000t\0009\000.\0000\000/\000L\000i\000b\000r\000a\000r\000y\000.\000T\000e\000s\000t\000s\000.\000A\000s\000s\000e\000m\000b\000l\000y\000I\000n\000f\000o\000.\000c\000s\000\040\000F\000i\000l\000e\000\040\000R\000e\000f\000e\000r\000e\000n\000c\000e}{chapter.10}% 665
\BOOKMARK [1][-]{section.10.62}{\376\377\0001\0000\000.\0006\0002\000\040\000t\000e\000s\000t\000/\000L\000i\000b\000r\000a\000r\000y\000.\000T\000e\000s\000t\000s\000/\000o\000b\000j\000/\000D\000e\000b\000u\000g\000/\000n\000e\000t\0009\000.\0000\000/\000L\000i\000b\000r\000a\000r\000y\000.\000T\000e\000s\000t\000s\000.\000G\000l\000o\000b\000a\000l\000U\000s\000i\000n\000g\000s\000.\000g\000.\000c\000s\000\040\000F\000i\000l\000e\000\040\000R\000e\000f\000e\000r\000e\000n\000c\000e}{chapter.10}% 666
\BOOKMARK [1][-]{section.10.63}{\376\377\0001\0000\000.\0006\0003\000\040\000t\000e\000s\000t\000/\000L\000i\000b\000r\000a\000r\000y\000.\000T\000e\000s\000t\000s\000/\000T\000e\000s\000t\000s\000/\000A\000d\000m\000i\000n\000i\000s\000t\000r\000a\000d\000o\000r\000T\000e\000s\000t\000.\000c\000s\000\040\000F\000i\000l\000e\000\040\000R\000e\000f\000e\000r\000e\000n\000c\000e}{chapter.10}% 667
\BOOKMARK [1][-]{section.10.64}{\376\377\0001\0000\000.\0006\0004\000\040\000t\000e\000s\000t\000/\000L\000i\000b\000r\000a\000r\000y\000.\000T\000e\000s\000t\000s\000/\000T\000e\000s\000t\000s\000/\000B\000o\000t\000C\000o\000r\000e\000T\000e\000s\000t\000.\000c\000s\000\040\000F\000i\000l\000e\000\040\000R\000e\000f\000e\000r\000e\000n\000c\000e}{chapter.10}% 668
\BOOKMARK [1][-]{section.10.65}{\376\377\0001\0000\000.\0006\0005\000\040\000t\000e\000s\000t\000/\000L\000i\000b\000r\000a\000r\000y\000.\000T\000e\000s\000t\000s\000/\000T\000e\000s\000t\000s\000/\000C\000o\000m\000a\000n\000d\000o\000s\000B\000o\000t\000T\000e\000s\000t\000s\000.\000c\000s\000\040\000F\000i\000l\000e\000\040\000R\000e\000f\000e\000r\000e\000n\000c\000e}{chapter.10}% 669
\BOOKMARK [1][-]{section.10.66}{\376\377\0001\0000\000.\0006\0006\000\040\000t\000e\000s\000t\000/\000L\000i\000b\000r\000a\000r\000y\000.\000T\000e\000s\000t\000s\000/\000T\000e\000s\000t\000s\000/\000F\000a\000c\000h\000a\000d\000a\000R\000e\000g\000i\000s\000t\000r\000o\000T\000e\000s\000t\000.\000c\000s\000\040\000F\000i\000l\000e\000\040\000R\000e\000f\000e\000r\000e\000n\000c\000e}{chapter.10}% 670
\BOOKMARK [1][-]{section.10.67}{\376\377\0001\0000\000.\0006\0007\000\040\000t\000e\000s\000t\000/\000L\000i\000b\000r\000a\000r\000y\000.\000T\000e\000s\000t\000s\000/\000T\000e\000s\000t\000s\000/\000R\000e\000g\000i\000s\000t\000r\000o\000C\000l\000i\000e\000n\000t\000e\000s\000T\000e\000s\000t\000.\000c\000s\000\040\000F\000i\000l\000e\000\040\000R\000e\000f\000e\000r\000e\000n\000c\000e}{chapter.10}% 671
\BOOKMARK [1][-]{section.10.68}{\376\377\0001\0000\000.\0006\0008\000\040\000t\000e\000s\000t\000/\000L\000i\000b\000r\000a\000r\000y\000.\000T\000e\000s\000t\000s\000/\000T\000e\000s\000t\000s\000/\000U\000n\000i\000t\000T\000e\000s\000t\000.\000c\000s\000\040\000F\000i\000l\000e\000\040\000R\000e\000f\000e\000r\000e\000n\000c\000e}{chapter.10}% 672
\BOOKMARK [1][-]{section.10.69}{\376\377\0001\0000\000.\0006\0009\000\040\000t\000e\000s\000t\000/\000L\000i\000b\000r\000a\000r\000y\000.\000T\000e\000s\000t\000s\000/\000T\000e\000s\000t\000s\000/\000U\000s\000u\000a\000r\000i\000o\000T\000e\000s\000t\000.\000c\000s\000\040\000F\000i\000l\000e\000\040\000R\000e\000f\000e\000r\000e\000n\000c\000e}{chapter.10}% 673
\BOOKMARK [1][-]{section.10.70}{\376\377\0001\0000\000.\0007\0000\000\040\000t\000e\000s\000t\000/\000L\000i\000b\000r\000a\000r\000y\000.\000T\000e\000s\000t\000s\000/\000T\000e\000s\000t\000s\000/\000V\000e\000n\000d\000e\000d\000o\000r\000T\000e\000s\000t\000.\000c\000s\000\040\000F\000i\000l\000e\000\040\000R\000e\000f\000e\000r\000e\000n\000c\000e}{chapter.10}% 674
\BOOKMARK [0][-]{section*.282}{\376\377\000I\000n\000d\000e\000x}{}% 675
